UnknownType_UnknownMethod,UnknownType_UnknownMethod,0
Color_FromArgb,Color_FromArgb,1
Application_RequestStartupEvent,Application_RequestStartupEvent,2
Application_RequestStartedEvent,Application_RequestStartedEvent,3
CornerRadius_FromRadii,CornerRadius_FromRadii,4
CornerRadius_FromUniformRadius,CornerRadius_FromUniformRadius,5
DataTemplate_LoadContent,DataTemplate_LoadContent,6
DependencyObject_GetValue,DependencyObject_GetValue,7
DependencyObject_SetValue,DependencyObject_SetValue,8
DependencyObject_ClearValue,DependencyObject_ClearValue,9
DependencyObject_ReadLocalValue,DependencyObject_ReadLocalValue,10
DependencyObject_GetAnimationBaseValue,DependencyObject_GetAnimationBaseValue,11
DependencyObject_RegisterPropertyChangedCallback,DependencyObject_RegisterPropertyChangedCallback,12
DependencyObject_UnregisterPropertyChangedCallback,DependencyObject_UnregisterPropertyChangedCallback,13
DependencyProperty_GetMetadata,DependencyProperty_GetMetadata,14
DependencyProperty_Register,DependencyProperty_Register,15
DependencyProperty_RegisterAttached,DependencyProperty_RegisterAttached,16
DispatcherTimer_Start,DispatcherTimer_Start,17
DispatcherTimer_Stop,DispatcherTimer_Stop,18
DragEventArgs_GetDeferral,DragEventArgs_GetDeferral,19
DragEventArgs_GetPosition,DragEventArgs_GetPosition,20
DragOperationDeferral_Complete,DragOperationDeferral_Complete,21
DragStartingEventArgs_GetDeferral,DragStartingEventArgs_GetDeferral,22
DragStartingEventArgs_GetPosition,DragStartingEventArgs_GetPosition,23
DragStartingEventArgs_DeferralAdded,DragStartingEventArgs_DeferralAdded,24
DragStartingEventArgs_DeferralCompleted,DragStartingEventArgs_DeferralCompleted,25
DragStartingEventArgs_SetAcceptedOperation,DragStartingEventArgs_SetAcceptedOperation,26
DragUI_SetContentFromBitmapImage,DragUI_SetContentFromBitmapImage,27
DragUI_SetContentFromBitmapImageWithAnchorPoint,DragUI_SetContentFromBitmapImageWithAnchorPoint,28
DragUI_SetContentFromSoftwareBitmap,DragUI_SetContentFromSoftwareBitmap,29
DragUI_SetContentFromSoftwareBitmapWithAnchorPoint,DragUI_SetContentFromSoftwareBitmapWithAnchorPoint,30
DragUI_SetContentFromDataPackage,DragUI_SetContentFromDataPackage,31
DragUIOverride_Clear,DragUIOverride_Clear,32
DragUIOverride_SetContentFromBitmapImage,DragUIOverride_SetContentFromBitmapImage,33
DragUIOverride_SetContentFromBitmapImageWithAnchorPoint,DragUIOverride_SetContentFromBitmapImageWithAnchorPoint,34
DragUIOverride_SetContentFromSoftwareBitmap,DragUIOverride_SetContentFromSoftwareBitmap,35
DragUIOverride_SetContentFromSoftwareBitmapWithAnchorPoint,DragUIOverride_SetContentFromSoftwareBitmapWithAnchorPoint,36
Duration_GetHasTimeSpan,Duration_GetHasTimeSpan,37
Duration_Add,Duration_Add,38
Duration_Compare,Duration_Compare,39
Duration_Equals,Duration_Equals,40
Duration_Subtract,Duration_Subtract,41
Duration_FromTimeSpan,Duration_FromTimeSpan,42
ElementSoundPlayer_Play,ElementSoundPlayer_Play,43
ElementSoundPlayer_RequestInteractionSoundForElement,ElementSoundPlayer_RequestInteractionSoundForElement,44
ElementSoundPlayer_GetEffectiveSoundMode,ElementSoundPlayer_GetEffectiveSoundMode,45
FrameworkApplication_Start,FrameworkApplication_Start,46
FrameworkApplication_Exit,FrameworkApplication_Exit,47
FrameworkApplication_LoadComponent,FrameworkApplication_LoadComponent,48
FrameworkApplication_LoadComponentWithResourceLocation,FrameworkApplication_LoadComponentWithResourceLocation,49
FrameworkApplication_OnWindowCreated,FrameworkApplication_OnWindowCreated,50
FrameworkApplication_OnActivated,FrameworkApplication_OnActivated,51
FrameworkApplication_OnLaunched,FrameworkApplication_OnLaunched,52
FrameworkApplication_OnFileActivated,FrameworkApplication_OnFileActivated,53
FrameworkApplication_OnSearchActivated,FrameworkApplication_OnSearchActivated,54
FrameworkApplication_OnShareTargetActivated,FrameworkApplication_OnShareTargetActivated,55
FrameworkApplication_OnFileOpenPickerActivated,FrameworkApplication_OnFileOpenPickerActivated,56
FrameworkApplication_OnFileSavePickerActivated,FrameworkApplication_OnFileSavePickerActivated,57
FrameworkApplication_OnCachedFileUpdaterActivated,FrameworkApplication_OnCachedFileUpdaterActivated,58
FrameworkApplication_OnBackgroundActivated,FrameworkApplication_OnBackgroundActivated,59
FrameworkApplication_StartInCoreWindowHostingMode,FrameworkApplication_StartInCoreWindowHostingMode,60
FrameworkElement_MeasureOverride,FrameworkElement_MeasureOverride,61
FrameworkElement_ArrangeOverride,FrameworkElement_ArrangeOverride,62
FrameworkElement_InvokeApplyTemplate,FrameworkElement_InvokeApplyTemplate,63
FrameworkElement_InvokeFocus,FrameworkElement_InvokeFocus,64
FrameworkElement_OnApplyTemplate,FrameworkElement_OnApplyTemplate,65
FrameworkElement_FindName,FrameworkElement_FindName,66
FrameworkElement_DeferTree,FrameworkElement_DeferTree,67
FrameworkElement_SetBinding,FrameworkElement_SetBinding,68
FrameworkElement_GoToElementStateCore,FrameworkElement_GoToElementStateCore,69
FrameworkElement_GetBindingExpression,FrameworkElement_GetBindingExpression,70
FullWindowMediaRootAutomationPeer_Close,FullWindowMediaRootAutomationPeer_Close,71
FullWindowMediaRootAutomationPeer_SetVisualState,FullWindowMediaRootAutomationPeer_SetVisualState,72
FullWindowMediaRootAutomationPeer_WaitForInputIdle,FullWindowMediaRootAutomationPeer_WaitForInputIdle,73
GridLength_GetIsAbsolute,GridLength_GetIsAbsolute,74
GridLength_GetIsAuto,GridLength_GetIsAuto,75
GridLength_GetIsStar,GridLength_GetIsStar,76
GridLength_Equals,GridLength_Equals,77
GridLength_FromPixels,GridLength_FromPixels,78
GridLength_FromValueAndType,GridLength_FromValueAndType,79
PointHelper_FromCoordinates,PointHelper_FromCoordinates,80
PointHelper_PhysicalPointToDipsPoint,PointHelper_PhysicalPointToDipsPoint,81
PointHelper_DipsPointToPhysicalPoint,PointHelper_DipsPointToPhysicalPoint,82
PropertyMetadata_CreateWithDefaultValue,PropertyMetadata_CreateWithDefaultValue,83
PropertyMetadata_CreateWithDefaultValueAndCallback,PropertyMetadata_CreateWithDefaultValueAndCallback,84
PropertyMetadata_CreateWithFactory,PropertyMetadata_CreateWithFactory,85
PropertyMetadata_CreateWithFactoryAndCallback,PropertyMetadata_CreateWithFactoryAndCallback,86
RectHelper_FromCoordinatesAndDimensions,RectHelper_FromCoordinatesAndDimensions,87
RectHelper_FromPoints,RectHelper_FromPoints,88
RectHelper_FromLocationAndSize,RectHelper_FromLocationAndSize,89
RectHelper_GetIsEmpty,RectHelper_GetIsEmpty,90
RectHelper_GetBottom,RectHelper_GetBottom,91
RectHelper_GetLeft,RectHelper_GetLeft,92
RectHelper_GetRight,RectHelper_GetRight,93
RectHelper_GetTop,RectHelper_GetTop,94
RectHelper_Contains,RectHelper_Contains,95
RectHelper_Equals,RectHelper_Equals,96
RectHelper_Intersect,RectHelper_Intersect,97
RectHelper_UnionWithPoint,RectHelper_UnionWithPoint,98
RectHelper_UnionWithRect,RectHelper_UnionWithRect,99
RectHelper_PhysicalRectToDipsRect,RectHelper_PhysicalRectToDipsRect,100
RectHelper_DipsRectToPhysicalRect,RectHelper_DipsRectToPhysicalRect,101
SizeHelper_FromDimensions,SizeHelper_FromDimensions,102
SizeHelper_GetIsEmpty,SizeHelper_GetIsEmpty,103
SizeHelper_Equals,SizeHelper_Equals,104
StateTriggerBase_SetActive,StateTriggerBase_SetActive,105
Style_Seal,Style_Seal,106
Thickness_FromLengths,Thickness_FromLengths,107
Thickness_FromUniformLength,Thickness_FromUniformLength,108
UIElement_Measure,UIElement_Measure,109
UIElement_Arrange,UIElement_Arrange,110
UIElement_CaptureMouse,UIElement_CaptureMouse,111
UIElement_ReleaseMouseCapture,UIElement_ReleaseMouseCapture,112
UIElement_CapturePointer,UIElement_CapturePointer,113
UIElement_ReleasePointerCapture,UIElement_ReleasePointerCapture,114
UIElement_ReleasePointerCaptures,UIElement_ReleasePointerCaptures,115
UIElement_AddHandler,UIElement_AddHandler,116
UIElement_RemoveHandler,UIElement_RemoveHandler,117
UIElement_TransformToVisual,UIElement_TransformToVisual,118
UIElement_InvalidateMeasure,UIElement_InvalidateMeasure,119
UIElement_InvalidateArrange,UIElement_InvalidateArrange,120
UIElement_UpdateLayout,UIElement_UpdateLayout,121
UIElement_OnCreateAutomationPeer,UIElement_OnCreateAutomationPeer,122
UIElement_OnDisconnectVisualChildren,UIElement_OnDisconnectVisualChildren,123
UIElement_FindSubElementsForTouchTargeting,UIElement_FindSubElementsForTouchTargeting,124
UIElement_LayoutRound,UIElement_LayoutRound,125
UIElement_ResetGlobalScaleFactor,UIElement_ResetGlobalScaleFactor,126
UIElement_CancelDirectManipulations,UIElement_CancelDirectManipulations,127
UIElement_StartDragAsync,UIElement_StartDragAsync,128
UIElement_TryStartDirectManipulation,UIElement_TryStartDirectManipulation,129
VisualStateManager_GoToState,VisualStateManager_GoToState,131
VisualStateManager_GoToStateCore,VisualStateManager_GoToStateCore,132
VisualStateManager_RaiseCurrentStateChanging,VisualStateManager_RaiseCurrentStateChanging,133
VisualStateManager_RaiseCurrentStateChanged,VisualStateManager_RaiseCurrentStateChanged,134
Window_Activate,Window_Activate,135
Window_Close,Window_Close,136
Window_SetTitleBar,Window_SetTitleBar,137
Window_Show,Window_Show,138
Window_Hide,Window_Hide,139
Window_MoveWindow,Window_MoveWindow,140
Window_SetAtlasSizeHint,Window_SetAtlasSizeHint,141
CustomXamlResourceLoader_GetResource,CustomXamlResourceLoader_GetResource,142
GeneralTransform_TransformXY,GeneralTransform_TransformXY,143
GeneralTransform_TransformPoint,GeneralTransform_TransformPoint,144
GeneralTransform_TryTransform,GeneralTransform_TryTransform,145
GeneralTransform_TransformBounds,GeneralTransform_TransformBounds,146
Matrix_GetIsIdentity,Matrix_GetIsIdentity,147
Matrix_Transform,Matrix_Transform,148
Matrix_FromElements,Matrix_FromElements,149
MediaTransportControlsThumbnailRequestedEventArgs_SetThumbnailImage,MediaTransportControlsThumbnailRequestedEventArgs_SetThumbnailImage,150
MediaTransportControlsThumbnailRequestedEventArgs_GetDeferral,MediaTransportControlsThumbnailRequestedEventArgs_GetDeferral,151
VisualTreeHelper_FindElementsInHostCoordinatesPoint,VisualTreeHelper_FindElementsInHostCoordinatesPoint,152
VisualTreeHelper_FindElementsInHostCoordinatesRect,VisualTreeHelper_FindElementsInHostCoordinatesRect,153
VisualTreeHelper_FindAllElementsInHostCoordinatesPoint,VisualTreeHelper_FindAllElementsInHostCoordinatesPoint,154
VisualTreeHelper_FindAllElementsInHostCoordinatesRect,VisualTreeHelper_FindAllElementsInHostCoordinatesRect,155
VisualTreeHelper_GetChild,VisualTreeHelper_GetChild,156
VisualTreeHelper_GetChildrenCount,VisualTreeHelper_GetChildrenCount,157
VisualTreeHelper_GetParent,VisualTreeHelper_GetParent,158
VisualTreeHelper_DisconnectChildrenRecursive,VisualTreeHelper_DisconnectChildrenRecursive,159
VisualTreeHelper_GetOpenPopups,VisualTreeHelper_GetOpenPopups,160
ConnectedAnimation_TryStart,ConnectedAnimation_TryStart,161
ConnectedAnimation_Cancel,ConnectedAnimation_Cancel,162
ConnectedAnimationService_GetForCurrentView,ConnectedAnimationService_GetForCurrentView,163
ConnectedAnimationService_PrepareToAnimate,ConnectedAnimationService_PrepareToAnimate,164
ConnectedAnimationService_GetAnimation,ConnectedAnimationService_GetAnimation,165
EasingFunctionBase_Ease,EasingFunctionBase_Ease,166
KeyTime_FromTimeSpan,KeyTime_FromTimeSpan,167
NavigationTransitionInfo_GetNavigationStateCore,NavigationTransitionInfo_GetNavigationStateCore,168
NavigationTransitionInfo_SetNavigationStateCore,NavigationTransitionInfo_SetNavigationStateCore,169
NavigationTransitionInfo_CreateStoryboards,NavigationTransitionInfo_CreateStoryboards,170
NavigationTransitionInfo_CreateStoryboardsCore,NavigationTransitionInfo_CreateStoryboardsCore,171
RepeatBehavior_GetHasCount,RepeatBehavior_GetHasCount,172
RepeatBehavior_GetHasDuration,RepeatBehavior_GetHasDuration,173
RepeatBehavior_Equals,RepeatBehavior_Equals,174
RepeatBehavior_FromCount,RepeatBehavior_FromCount,175
RepeatBehavior_FromDuration,RepeatBehavior_FromDuration,176
Storyboard_Seek,Storyboard_Seek,177
Storyboard_Stop,Storyboard_Stop,178
Storyboard_Begin,Storyboard_Begin,179
Storyboard_Pause,Storyboard_Pause,180
Storyboard_Resume,Storyboard_Resume,181
Storyboard_SetTarget,Storyboard_SetTarget,182
Storyboard_GetCurrentState,Storyboard_GetCurrentState,183
Storyboard_GetCurrentTime,Storyboard_GetCurrentTime,184
Storyboard_SeekAlignedToLastTick,Storyboard_SeekAlignedToLastTick,185
Storyboard_SkipToFill,Storyboard_SkipToFill,186
ThemeAnimationBase_CreateTimelinesInternal,ThemeAnimationBase_CreateTimelinesInternal,187
Transition_CreateStoryboard,Transition_CreateStoryboard,188
Transition_ParticipatesInTransition,Transition_ParticipatesInTransition,189
Transition_CreateInstance,Transition_CreateInstance,190
AccessKeyManager_ExitDisplayMode,AccessKeyManager_ExitDisplayMode,191
ContextRequestedEventArgs_TryGetPosition,ContextRequestedEventArgs_TryGetPosition,192
DoubleTappedRoutedEventArgs_GetPosition,DoubleTappedRoutedEventArgs_GetPosition,193
FocusManager_GetFocusedElement,FocusManager_GetFocusedElement,194
FocusManager_TryMoveFocus,FocusManager_TryMoveFocus,195
FocusManager_FindNextFocusableElement,FocusManager_FindNextFocusableElement,196
FocusManager_FindNextFocusableElementWithHint,FocusManager_FindNextFocusableElementWithHint,197
FocusManager_GetFirstFocusableElement,FocusManager_GetFirstFocusableElement,198
FocusManager_FindNextFocusWithSearchRootIgnoreEngagement,FocusManager_FindNextFocusWithSearchRootIgnoreEngagement,199
FocusManager_FindNextFocusWithSearchRootIgnoreEngagementWithHintRect,FocusManager_FindNextFocusWithSearchRootIgnoreEngagementWithHintRect,200
FocusManager_FindNextFocusWithSearchRootIgnoreEngagementWithClip,FocusManager_FindNextFocusWithSearchRootIgnoreEngagementWithClip,201
FocusManager_SetEngagedControl,FocusManager_SetEngagedControl,202
FocusManager_SetFocusedElement,FocusManager_SetFocusedElement,203
HoldingRoutedEventArgs_GetPosition,HoldingRoutedEventArgs_GetPosition,204
InputManager_GetLastInputDeviceType,InputManager_GetLastInputDeviceType,205
ManipulationDeltaRoutedEventArgs_Complete,ManipulationDeltaRoutedEventArgs_Complete,206
ManipulationStartedRoutedEventArgs_Complete,ManipulationStartedRoutedEventArgs_Complete,207
PointerRoutedEventArgs_GetCurrentPoint,PointerRoutedEventArgs_GetCurrentPoint,208
PointerRoutedEventArgs_GetIntermediatePoints,PointerRoutedEventArgs_GetIntermediatePoints,209
RightTappedRoutedEventArgs_GetPosition,RightTappedRoutedEventArgs_GetPosition,210
TappedRoutedEventArgs_GetPosition,TappedRoutedEventArgs_GetPosition,211
Shape_GetAlphaMask,Shape_GetAlphaMask,212
Glyphs_SetFontSource,Glyphs_SetFontSource,213
Hyperlink_Focus,Hyperlink_Focus,214
TextElement_OnCreateAutomationPeer,TextElement_OnCreateAutomationPeer,215
TextElement_OnDisconnectVisualChildren,TextElement_OnDisconnectVisualChildren,216
TextElement_FindName,TextElement_FindName,217
TextPointer_GetCharacterRect,TextPointer_GetCharacterRect,218
TextPointer_GetPositionAtOffset,TextPointer_GetPositionAtOffset,219
BudgetManager_GetElapsedMilliSecondsSinceLastUITick,BudgetManager_GetElapsedMilliSecondsSinceLastUITick,220
ComboBox_OnDropDownClosed,ComboBox_OnDropDownClosed,221
ComboBox_OnDropDownOpened,ComboBox_OnDropDownOpened,222
ComboBox_OnBackButtonPressed,ComboBox_OnBackButtonPressed,223
ContainerContentChangingEventArgs_RegisterUpdateCallback,ContainerContentChangingEventArgs_RegisterUpdateCallback,224
ContainerContentChangingEventArgs_RegisterUpdateCallbackWithPhase,ContainerContentChangingEventArgs_RegisterUpdateCallbackWithPhase,225
ContainerContentChangingEventArgs_ResetLifetime,ContainerContentChangingEventArgs_ResetLifetime,226
ContentControl_OnContentChanged,ContentControl_OnContentChanged,227
ContentControl_OnContentTemplateChanged,ContentControl_OnContentTemplateChanged,228
ContentControl_OnContentTemplateSelectorChanged,ContentControl_OnContentTemplateSelectorChanged,229
ContentControl_GetGlobalBounds,ContentControl_GetGlobalBounds,230
ContentDialog_Hide,ContentDialog_Hide,231
ContentDialog_ShowAsync,ContentDialog_ShowAsync,232
ContentDialog_OnBackButtonPressed,ContentDialog_OnBackButtonPressed,233
ContentDialogButtonClickDeferral_Complete,ContentDialogButtonClickDeferral_Complete,234
ContentDialogButtonClickEventArgs_GetDeferral,ContentDialogButtonClickEventArgs_GetDeferral,235
ContentDialogClosingDeferral_Complete,ContentDialogClosingDeferral_Complete,236
ContentDialogClosingEventArgs_GetDeferral,ContentDialogClosingEventArgs_GetDeferral,237
ContentPresenter_OnContentTemplateChanged,ContentPresenter_OnContentTemplateChanged,238
ContentPresenter_OnContentTemplateSelectorChanged,ContentPresenter_OnContentTemplateSelectorChanged,239
Control_RemoveFocusEngagement,Control_RemoveFocusEngagement,240
Control_GetImplementationRoot,Control_GetImplementationRoot,241
Control_ApplyTemplate,Control_ApplyTemplate,242
Control_Focus,Control_Focus,243
Control_GetTemplateChild,Control_GetTemplateChild,244
Control_OnPointerEntered,Control_OnPointerEntered,245
Control_OnPointerPressed,Control_OnPointerPressed,246
Control_OnPointerMoved,Control_OnPointerMoved,247
Control_OnPointerReleased,Control_OnPointerReleased,248
Control_OnPointerExited,Control_OnPointerExited,249
Control_OnPointerCaptureLost,Control_OnPointerCaptureLost,250
Control_OnPointerCanceled,Control_OnPointerCanceled,251
Control_OnPointerWheelChanged,Control_OnPointerWheelChanged,252
Control_OnTapped,Control_OnTapped,253
Control_OnDoubleTapped,Control_OnDoubleTapped,254
Control_OnHolding,Control_OnHolding,255
Control_OnRightTapped,Control_OnRightTapped,256
Control_OnManipulationStarting,Control_OnManipulationStarting,257
Control_OnManipulationInertiaStarting,Control_OnManipulationInertiaStarting,258
Control_OnManipulationStarted,Control_OnManipulationStarted,259
Control_OnManipulationDelta,Control_OnManipulationDelta,260
Control_OnManipulationCompleted,Control_OnManipulationCompleted,261
Control_OnKeyUp,Control_OnKeyUp,262
Control_OnKeyDown,Control_OnKeyDown,263
Control_OnGotFocus,Control_OnGotFocus,264
Control_OnLostFocus,Control_OnLostFocus,265
Control_OnDragEnter,Control_OnDragEnter,266
Control_OnDragLeave,Control_OnDragLeave,267
Control_OnDragOver,Control_OnDragOver,268
Control_OnDrop,Control_OnDrop,269
DataTemplateSelector_SelectTemplate,DataTemplateSelector_SelectTemplate,270
DataTemplateSelector_SelectTemplateForItem,DataTemplateSelector_SelectTemplateForItem,271
Frame_GoBack,Frame_GoBack,272
Frame_GoForward,Frame_GoForward,273
Frame_Navigate,Frame_Navigate,274
Frame_GetNavigationState,Frame_GetNavigationState,275
Frame_SetNavigationState,Frame_SetNavigationState,276
Frame_GetNavigationTransitionInfoOverride,Frame_GetNavigationTransitionInfoOverride,277
Frame_SetNavigationTransitionInfoOverride,Frame_SetNavigationTransitionInfoOverride,278
GroupStyleSelector_SelectGroupStyle,GroupStyleSelector_SelectGroupStyle,279
Image_GetAsCastingSource,Image_GetAsCastingSource,280
Image_GetAlphaMask,Image_GetAlphaMask,281
ItemContainerGenerator_ItemFromContainer,ItemContainerGenerator_ItemFromContainer,282
ItemContainerGenerator_ContainerFromItem,ItemContainerGenerator_ContainerFromItem,283
ItemContainerGenerator_IndexFromContainer,ItemContainerGenerator_IndexFromContainer,284
ItemContainerGenerator_ContainerFromIndex,ItemContainerGenerator_ContainerFromIndex,285
ItemContainerGenerator_GetItemContainerGeneratorForPanel,ItemContainerGenerator_GetItemContainerGeneratorForPanel,286
ItemContainerGenerator_StartAt,ItemContainerGenerator_StartAt,287
ItemContainerGenerator_Stop,ItemContainerGenerator_Stop,288
ItemContainerGenerator_GenerateNext,ItemContainerGenerator_GenerateNext,289
ItemContainerGenerator_PrepareItemContainer,ItemContainerGenerator_PrepareItemContainer,290
ItemContainerGenerator_RemoveAll,ItemContainerGenerator_RemoveAll,291
ItemContainerGenerator_Remove,ItemContainerGenerator_Remove,292
ItemContainerGenerator_GeneratorPositionFromIndex,ItemContainerGenerator_GeneratorPositionFromIndex,293
ItemContainerGenerator_IndexFromGeneratorPosition,ItemContainerGenerator_IndexFromGeneratorPosition,294
ItemContainerGenerator_Recycle,ItemContainerGenerator_Recycle,295
ItemsControl_IsItemItsOwnContainerOverride,ItemsControl_IsItemItsOwnContainerOverride,296
ItemsControl_GetContainerForItemOverride,ItemsControl_GetContainerForItemOverride,297
ItemsControl_ClearContainerForItemOverride,ItemsControl_ClearContainerForItemOverride,298
ItemsControl_PrepareContainerForItemOverride,ItemsControl_PrepareContainerForItemOverride,299
ItemsControl_OnItemsChanged,ItemsControl_OnItemsChanged,300
ItemsControl_OnItemContainerStyleChanged,ItemsControl_OnItemContainerStyleChanged,301
ItemsControl_OnItemContainerStyleSelectorChanged,ItemsControl_OnItemContainerStyleSelectorChanged,302
ItemsControl_OnItemTemplateChanged,ItemsControl_OnItemTemplateChanged,303
ItemsControl_OnItemTemplateSelectorChanged,ItemsControl_OnItemTemplateSelectorChanged,304
ItemsControl_OnGroupStyleSelectorChanged,ItemsControl_OnGroupStyleSelectorChanged,305
ItemsControl_GetItemsOwner,ItemsControl_GetItemsOwner,306
ItemsControl_ItemsControlFromItemContainer,ItemsControl_ItemsControlFromItemContainer,307
ItemsControl_GroupHeaderContainerFromItemContainer,ItemsControl_GroupHeaderContainerFromItemContainer,308
ItemsControl_ItemFromContainer,ItemsControl_ItemFromContainer,309
ItemsControl_ContainerFromItem,ItemsControl_ContainerFromItem,310
ItemsControl_IndexFromContainer,ItemsControl_IndexFromContainer,311
ItemsControl_ContainerFromIndex,ItemsControl_ContainerFromIndex,312
ItemsControl_GroupFromHeader,ItemsControl_GroupFromHeader,313
ItemsControl_HeaderFromGroup,ItemsControl_HeaderFromGroup,314
ItemsControl_IndexFromHeader,ItemsControl_IndexFromHeader,315
ItemsControl_HeaderFromIndex,ItemsControl_HeaderFromIndex,316
ItemsControl_PrepareForItemRecycling,ItemsControl_PrepareForItemRecycling,317
ItemsControl_IsCompatible,ItemsControl_IsCompatible,318
ItemsControl_ConfigureSelectedContainer,ItemsControl_ConfigureSelectedContainer,319
ItemsControl_StopRecycling,ItemsControl_StopRecycling,320
ItemsPresenter_LineUp,ItemsPresenter_LineUp,321
ItemsPresenter_LineDown,ItemsPresenter_LineDown,322
ItemsPresenter_LineLeft,ItemsPresenter_LineLeft,323
ItemsPresenter_LineRight,ItemsPresenter_LineRight,324
ItemsPresenter_PageUp,ItemsPresenter_PageUp,325
ItemsPresenter_PageDown,ItemsPresenter_PageDown,326
ItemsPresenter_PageLeft,ItemsPresenter_PageLeft,327
ItemsPresenter_PageRight,ItemsPresenter_PageRight,328
ItemsPresenter_SetHorizontalOffset,ItemsPresenter_SetHorizontalOffset,329
ItemsPresenter_SetVerticalOffset,ItemsPresenter_SetVerticalOffset,330
ItemsPresenter_MakeVisible,ItemsPresenter_MakeVisible,331
ItemsPresenter_GetIrregularSnapPoints,ItemsPresenter_GetIrregularSnapPoints,332
ItemsPresenter_GetRegularSnapPoints,ItemsPresenter_GetRegularSnapPoints,333
ListBox_ScrollIntoView,ListBox_ScrollIntoView,334
ListBox_SelectAll,ListBox_SelectAll,335
ListViewBase_ScrollIntoView,ListViewBase_ScrollIntoView,336
ListViewBase_SelectAll,ListViewBase_SelectAll,337
ListViewBase_LoadMoreItemsAsync,ListViewBase_LoadMoreItemsAsync,338
ListViewBase_ScrollIntoViewWithAlignment,ListViewBase_ScrollIntoViewWithAlignment,339
ListViewBase_SetDesiredContainerUpdateDuration,ListViewBase_SetDesiredContainerUpdateDuration,340
ListViewBase_GetRelativeScrollPosition,ListViewBase_GetRelativeScrollPosition,341
ListViewBase_SetRelativeScrollPositionAsync,ListViewBase_SetRelativeScrollPositionAsync,342
ListViewBase_SelectRange,ListViewBase_SelectRange,343
ListViewBase_DeselectRange,ListViewBase_DeselectRange,344
ListViewBase_IsDragSource,ListViewBase_IsDragSource,345
ListViewBase_InitializeViewChange,ListViewBase_InitializeViewChange,346
ListViewBase_CompleteViewChange,ListViewBase_CompleteViewChange,347
ListViewBase_MakeVisible,ListViewBase_MakeVisible,348
ListViewBase_StartViewChangeFrom,ListViewBase_StartViewChangeFrom,349
ListViewBase_StartViewChangeTo,ListViewBase_StartViewChangeTo,350
ListViewBase_CompleteViewChangeFrom,ListViewBase_CompleteViewChangeFrom,351
ListViewBase_CompleteViewChangeTo,ListViewBase_CompleteViewChangeTo,352
ListViewBase_IsBuildTreeSuspended,ListViewBase_IsBuildTreeSuspended,353
ListViewBase_BuildTree,ListViewBase_BuildTree,354
ListViewBase_ShutDownDeferredWork,ListViewBase_ShutDownDeferredWork,355
ListViewBase_OnBackButtonPressed,ListViewBase_OnBackButtonPressed,356
ListViewBase_GetLastInteractionItem,ListViewBase_GetLastInteractionItem,357
ListViewBase_ScrollIntoViewWithOptionalAnimation,ListViewBase_ScrollIntoViewWithOptionalAnimation,358
ListViewPersistenceHelper_GetRelativeScrollPosition,ListViewPersistenceHelper_GetRelativeScrollPosition,359
ListViewPersistenceHelper_SetRelativeScrollPositionAsync,ListViewPersistenceHelper_SetRelativeScrollPositionAsync,360
MediaElement_SetPlaybackSource,MediaElement_SetPlaybackSource,361
MediaElement_Stop,MediaElement_Stop,362
MediaElement_Play,MediaElement_Play,363
MediaElement_Pause,MediaElement_Pause,364
MediaElement_CanPlayType,MediaElement_CanPlayType,365
MediaElement_SetSource,MediaElement_SetSource,366
MediaElement_SetMediaStreamSource,MediaElement_SetMediaStreamSource,367
MediaElement_GetAsCastingSource,MediaElement_GetAsCastingSource,368
MediaElement_GetAudioStreamLanguage,MediaElement_GetAudioStreamLanguage,369
MediaElement_AddAudioEffect,MediaElement_AddAudioEffect,370
MediaElement_AddVideoEffect,MediaElement_AddVideoEffect,371
MediaElement_RemoveAllEffects,MediaElement_RemoveAllEffects,372
MediaPlayerElement_SetMediaPlayer,MediaPlayerElement_SetMediaPlayer,373
MediaPlayerElement_BeginInit,MediaPlayerElement_BeginInit,374
MediaPlayerElement_EndInit,MediaPlayerElement_EndInit,375
MediaTransportControls_OnBackButtonPressed,MediaTransportControls_OnBackButtonPressed,376
MenuFlyout_ShowAt,MenuFlyout_ShowAt,377
ModernCollectionBasePanel_GenerateContainerAtIndex,ModernCollectionBasePanel_GenerateContainerAtIndex,378
ModernCollectionBasePanel_GenerateHeaderAtGroupIndex,ModernCollectionBasePanel_GenerateHeaderAtGroupIndex,379
ModernCollectionBasePanel_GetContainerRecycleQueueEmpty,ModernCollectionBasePanel_GetContainerRecycleQueueEmpty,380
ModernCollectionBasePanel_RecycleContainer,ModernCollectionBasePanel_RecycleContainer,381
ModernCollectionBasePanel_TryRecycleContainer,ModernCollectionBasePanel_TryRecycleContainer,382
ModernCollectionBasePanel_RecycleAllContainers,ModernCollectionBasePanel_RecycleAllContainers,383
ModernCollectionBasePanel_GetHeaderRecycleQueueEmpty,ModernCollectionBasePanel_GetHeaderRecycleQueueEmpty,384
ModernCollectionBasePanel_RecycleHeader,ModernCollectionBasePanel_RecycleHeader,385
ModernCollectionBasePanel_RecycleAllHeaders,ModernCollectionBasePanel_RecycleAllHeaders,386
ModernCollectionBasePanel_FindRecyclingCandidate,ModernCollectionBasePanel_FindRecyclingCandidate,387
ModernCollectionBasePanel_GetQueueLength,ModernCollectionBasePanel_GetQueueLength,388
ModernCollectionBasePanel_ItemFromContainer,ModernCollectionBasePanel_ItemFromContainer,389
ModernCollectionBasePanel_ContainerFromItem,ModernCollectionBasePanel_ContainerFromItem,390
ModernCollectionBasePanel_IndexFromContainer,ModernCollectionBasePanel_IndexFromContainer,391
ModernCollectionBasePanel_ContainerFromIndex,ModernCollectionBasePanel_ContainerFromIndex,392
ModernCollectionBasePanel_GroupFromHeader,ModernCollectionBasePanel_GroupFromHeader,393
ModernCollectionBasePanel_HeaderFromGroup,ModernCollectionBasePanel_HeaderFromGroup,394
ModernCollectionBasePanel_IndexFromHeader,ModernCollectionBasePanel_IndexFromHeader,395
ModernCollectionBasePanel_HeaderFromIndex,ModernCollectionBasePanel_HeaderFromIndex,396
ModernCollectionBasePanel_GroupHeaderContainerFromItemContainer,ModernCollectionBasePanel_GroupHeaderContainerFromItemContainer,397
ModernCollectionBasePanel_GetInsertionIndexes,ModernCollectionBasePanel_GetInsertionIndexes,398
ModernCollectionBasePanel_GetIrregularSnapPoints,ModernCollectionBasePanel_GetIrregularSnapPoints,399
ModernCollectionBasePanel_GetRegularSnapPoints,ModernCollectionBasePanel_GetRegularSnapPoints,400
ModernCollectionBasePanel_IsBuildTreeSuspended,ModernCollectionBasePanel_IsBuildTreeSuspended,401
ModernCollectionBasePanel_BuildTree,ModernCollectionBasePanel_BuildTree,402
ModernCollectionBasePanel_ShutDownDeferredWork,ModernCollectionBasePanel_ShutDownDeferredWork,403
ModernCollectionBasePanel_RegisterItemsHost,ModernCollectionBasePanel_RegisterItemsHost,404
ModernCollectionBasePanel_DisconnectItemsHost,ModernCollectionBasePanel_DisconnectItemsHost,405
ModernCollectionBasePanel_GetItemContainerMapping,ModernCollectionBasePanel_GetItemContainerMapping,406
ModernCollectionBasePanel_GetGroupHeaderMapping,ModernCollectionBasePanel_GetGroupHeaderMapping,407
ModernCollectionBasePanel_Refresh,ModernCollectionBasePanel_Refresh,408
ModernCollectionBasePanel_NotifyOfItemsChanging,ModernCollectionBasePanel_NotifyOfItemsChanging,409
ModernCollectionBasePanel_NotifyOfItemsChanged,ModernCollectionBasePanel_NotifyOfItemsChanged,410
ModernCollectionBasePanel_NotifyOfItemsReordered,ModernCollectionBasePanel_NotifyOfItemsReordered,411
ModernCollectionBasePanel_GetContainersForIncrementalVisualization,ModernCollectionBasePanel_GetContainersForIncrementalVisualization,412
PasswordBox_SelectAll,PasswordBox_SelectAll,413
RichEditBox_GetLinguisticAlternativesAsync,RichEditBox_GetLinguisticAlternativesAsync,414
RichTextBlock_SelectAll,RichTextBlock_SelectAll,415
RichTextBlock_Select,RichTextBlock_Select,416
RichTextBlock_GetPositionFromPoint,RichTextBlock_GetPositionFromPoint,417
RichTextBlock_Focus,RichTextBlock_Focus,418
RichTextBlockOverflow_GetPositionFromPoint,RichTextBlockOverflow_GetPositionFromPoint,419
RichTextBlockOverflow_Focus,RichTextBlockOverflow_Focus,420
ScrollContentPresenter_LineUp,ScrollContentPresenter_LineUp,421
ScrollContentPresenter_LineDown,ScrollContentPresenter_LineDown,422
ScrollContentPresenter_LineLeft,ScrollContentPresenter_LineLeft,423
ScrollContentPresenter_LineRight,ScrollContentPresenter_LineRight,424
ScrollContentPresenter_PageUp,ScrollContentPresenter_PageUp,425
ScrollContentPresenter_PageDown,ScrollContentPresenter_PageDown,426
ScrollContentPresenter_PageLeft,ScrollContentPresenter_PageLeft,427
ScrollContentPresenter_PageRight,ScrollContentPresenter_PageRight,428
ScrollContentPresenter_MouseWheelUp,ScrollContentPresenter_MouseWheelUp,429
ScrollContentPresenter_MouseWheelDown,ScrollContentPresenter_MouseWheelDown,430
ScrollContentPresenter_MouseWheelLeft,ScrollContentPresenter_MouseWheelLeft,431
ScrollContentPresenter_MouseWheelRight,ScrollContentPresenter_MouseWheelRight,432
ScrollContentPresenter_SetHorizontalOffset,ScrollContentPresenter_SetHorizontalOffset,433
ScrollContentPresenter_SetVerticalOffset,ScrollContentPresenter_SetVerticalOffset,434
ScrollContentPresenter_MakeVisible,ScrollContentPresenter_MakeVisible,435
ScrollViewer_ScrollToHorizontalOffset,ScrollViewer_ScrollToHorizontalOffset,436
ScrollViewer_ScrollToVerticalOffset,ScrollViewer_ScrollToVerticalOffset,437
ScrollViewer_ZoomToFactor,ScrollViewer_ZoomToFactor,438
ScrollViewer_ChangeView,ScrollViewer_ChangeView,439
ScrollViewer_ChangeViewWithOptionalAnimation,ScrollViewer_ChangeViewWithOptionalAnimation,440
ScrollViewer_InvalidateScrollInfo,ScrollViewer_InvalidateScrollInfo,441
ScrollViewer_DisableOverpan,ScrollViewer_DisableOverpan,442
ScrollViewer_EnableOverpan,ScrollViewer_EnableOverpan,443
ScrollViewer_SetIsNearVerticalAlignmentForced,ScrollViewer_SetIsNearVerticalAlignmentForced,444
ScrollViewer_EnableLockScreenMode,ScrollViewer_EnableLockScreenMode,445
SearchBox_SetLocalContentSuggestionSettings,SearchBox_SetLocalContentSuggestionSettings,446
SearchBox_PasteFromClipBoard,SearchBox_PasteFromClipBoard,447
SearchBox_CanPasteFromClipBoard,SearchBox_CanPasteFromClipBoard,448
SemanticZoom_ToggleActiveView,SemanticZoom_ToggleActiveView,449
SemanticZoom_OnBackButtonPressed,SemanticZoom_OnBackButtonPressed,450
SettingsFlyout_Show,SettingsFlyout_Show,451
SettingsFlyout_ShowIndependent,SettingsFlyout_ShowIndependent,452
SettingsFlyout_Hide,SettingsFlyout_Hide,453
StackingLayoutStrategy_SetLayoutDataInfoProvider,StackingLayoutStrategy_SetLayoutDataInfoProvider,454
StackingLayoutStrategy_BeginMeasure,StackingLayoutStrategy_BeginMeasure,455
StackingLayoutStrategy_EndMeasure,StackingLayoutStrategy_EndMeasure,456
StackingLayoutStrategy_GetElementMeasureSize,StackingLayoutStrategy_GetElementMeasureSize,457
StackingLayoutStrategy_GetElementBounds,StackingLayoutStrategy_GetElementBounds,458
StackingLayoutStrategy_GetElementArrangeBounds,StackingLayoutStrategy_GetElementArrangeBounds,459
StackingLayoutStrategy_ShouldContinueFillingUpSpace,StackingLayoutStrategy_ShouldContinueFillingUpSpace,460
StackingLayoutStrategy_GetPositionOfFirstElement,StackingLayoutStrategy_GetPositionOfFirstElement,461
StackingLayoutStrategy_GetVirtualizationDirection,StackingLayoutStrategy_GetVirtualizationDirection,462
StackingLayoutStrategy_EstimateElementIndex,StackingLayoutStrategy_EstimateElementIndex,463
StackingLayoutStrategy_EstimateElementBounds,StackingLayoutStrategy_EstimateElementBounds,464
StackingLayoutStrategy_EstimatePanelExtent,StackingLayoutStrategy_EstimatePanelExtent,465
StackingLayoutStrategy_EstimateIndexFromPoint,StackingLayoutStrategy_EstimateIndexFromPoint,466
StackingLayoutStrategy_GetTargetIndexFromNavigationAction,StackingLayoutStrategy_GetTargetIndexFromNavigationAction,467
StackingLayoutStrategy_IsIndexLayoutBoundary,StackingLayoutStrategy_IsIndexLayoutBoundary,468
StackingLayoutStrategy_GetRegularSnapPoints,StackingLayoutStrategy_GetRegularSnapPoints,469
StackingLayoutStrategy_HasIrregularSnapPoints,StackingLayoutStrategy_HasIrregularSnapPoints,470
StackingLayoutStrategy_HasSnapPointOnElement,StackingLayoutStrategy_HasSnapPointOnElement,471
StackingLayoutStrategy_GetIsWrappingStrategy,StackingLayoutStrategy_GetIsWrappingStrategy,472
StackingLayoutStrategy_GetElementTransitionsBounds,StackingLayoutStrategy_GetElementTransitionsBounds,473
StackPanel_GetIrregularSnapPoints,StackPanel_GetIrregularSnapPoints,474
StackPanel_GetRegularSnapPoints,StackPanel_GetRegularSnapPoints,475
StackPanel_GetInsertionIndexes,StackPanel_GetInsertionIndexes,476
StyleSelector_SelectStyle,StyleSelector_SelectStyle,477
SwapChainBackgroundPanel_Unknown1,SwapChainBackgroundPanel_Unknown1,478
SwapChainBackgroundPanel_Unknown2,SwapChainBackgroundPanel_Unknown2,479
TextBlock_SelectAll,TextBlock_SelectAll,480
TextBlock_Select,TextBlock_Select,481
TextBlock_Focus,TextBlock_Focus,482
TextBlock_GetAlphaMask,TextBlock_GetAlphaMask,483
TextBox_Select,TextBox_Select,484
TextBox_SelectAll,TextBox_SelectAll,485
TextBox_GetRectFromCharacterIndex,TextBox_GetRectFromCharacterIndex,486
TextBox_GetLinguisticAlternativesAsync,TextBox_GetLinguisticAlternativesAsync,487
TextBox_PasteFromClipBoard,TextBox_PasteFromClipBoard,488
TextBox_CanPasteFromClipBoard,TextBox_CanPasteFromClipBoard,489
TextBox_ForceEditFocusLoss,TextBox_ForceEditFocusLoss,490
TileGrid_ShowDragDropVisual,TileGrid_ShowDragDropVisual,491
TileGrid_SetDragDropVisualPosition,TileGrid_SetDragDropVisualPosition,492
TileGrid_HideDragDropVisual,TileGrid_HideDragDropVisual,493
TileGrid_ScrollIntoView,TileGrid_ScrollIntoView,494
TileGrid_ShiftViewport,TileGrid_ShiftViewport,495
TileGrid_RegisterItemsHost,TileGrid_RegisterItemsHost,496
TileGrid_DisconnectItemsHost,TileGrid_DisconnectItemsHost,497
TileGrid_GetItemContainerMapping,TileGrid_GetItemContainerMapping,498
TileGrid_GetGroupHeaderMapping,TileGrid_GetGroupHeaderMapping,499
TileGrid_Refresh,TileGrid_Refresh,500
TileGrid_NotifyOfItemsChanging,TileGrid_NotifyOfItemsChanging,501
TileGrid_NotifyOfItemsChanged,TileGrid_NotifyOfItemsChanged,502
TileGrid_NotifyOfItemsReordered,TileGrid_NotifyOfItemsReordered,503
TileGrid_GetContainersForIncrementalVisualization,TileGrid_GetContainersForIncrementalVisualization,504
TileGrid_ItemFromContainer,TileGrid_ItemFromContainer,505
TileGrid_ContainerFromItem,TileGrid_ContainerFromItem,506
TileGrid_IndexFromContainer,TileGrid_IndexFromContainer,507
TileGrid_ContainerFromIndex,TileGrid_ContainerFromIndex,508
TileGrid_IsBuildTreeSuspended,TileGrid_IsBuildTreeSuspended,509
TileGrid_BuildTree,TileGrid_BuildTree,510
TileGrid_ShutDownDeferredWork,TileGrid_ShutDownDeferredWork,511
ToggleSwitch_OnToggled,ToggleSwitch_OnToggled,512
ToggleSwitch_OnOnContentChanged,ToggleSwitch_OnOnContentChanged,513
ToggleSwitch_OnOffContentChanged,ToggleSwitch_OnOffContentChanged,514
ToggleSwitch_OnHeaderChanged,ToggleSwitch_OnHeaderChanged,515
UIElementCollection_Move,UIElementCollection_Move,516
VirtualizingPanel_AddInternalChild,VirtualizingPanel_AddInternalChild,517
VirtualizingPanel_InsertInternalChild,VirtualizingPanel_InsertInternalChild,518
VirtualizingPanel_RemoveInternalChildRange,VirtualizingPanel_RemoveInternalChildRange,519
VirtualizingPanel_OnItemsChanged,VirtualizingPanel_OnItemsChanged,520
VirtualizingPanel_OnClearChildren,VirtualizingPanel_OnClearChildren,521
VirtualizingPanel_BringIndexIntoView,VirtualizingPanel_BringIndexIntoView,522
VirtualizingStackPanel_OnCleanUpVirtualizedItem,VirtualizingStackPanel_OnCleanUpVirtualizedItem,523
WebView_InvokeScript,WebView_InvokeScript,524
WebView_Navigate,WebView_Navigate,525
WebView_NavigateToString,WebView_NavigateToString,526
WebView_GoForward,WebView_GoForward,527
WebView_GoBack,WebView_GoBack,528
WebView_Refresh,WebView_Refresh,529
WebView_Stop,WebView_Stop,530
WebView_CapturePreviewToStreamAsync,WebView_CapturePreviewToStreamAsync,531
WebView_InvokeScriptAsync,WebView_InvokeScriptAsync,532
WebView_CaptureSelectedContentToDataPackageAsync,WebView_CaptureSelectedContentToDataPackageAsync,533
WebView_NavigateToLocalStreamUri,WebView_NavigateToLocalStreamUri,534
WebView_BuildLocalStreamUri,WebView_BuildLocalStreamUri,535
WebView_NavigateWithHttpRequestMessage,WebView_NavigateWithHttpRequestMessage,536
WebView_Focus,WebView_Focus,537
WebView_AddWebAllowedObject,WebView_AddWebAllowedObject,538
WebView_DeferredPermissionRequestById,WebView_DeferredPermissionRequestById,539
WebView_ClearTemporaryWebDataAsync,WebView_ClearTemporaryWebDataAsync,540
WebView_CreateInstanceWithSmartScreen,WebView_CreateInstanceWithSmartScreen,541
WebViewBrush_Redraw,WebViewBrush_Redraw,542
WebViewBrush_SetSource,WebViewBrush_SetSource,543
WebViewDeferredPermissionRequest_Allow,WebViewDeferredPermissionRequest_Allow,544
WebViewDeferredPermissionRequest_Deny,WebViewDeferredPermissionRequest_Deny,545
WebViewNavigationStartingEventArgs_GetNavigationPostData,WebViewNavigationStartingEventArgs_GetNavigationPostData,546
WebViewPermissionRequest_Defer,WebViewPermissionRequest_Defer,547
WebViewPermissionRequest_Allow,WebViewPermissionRequest_Allow,548
WebViewPermissionRequest_Deny,WebViewPermissionRequest_Deny,549
WebViewUnsupportedUriSchemeIdentifiedEventArgs_GetNavigationPostData,WebViewUnsupportedUriSchemeIdentifiedEventArgs_GetNavigationPostData,550
WrappingLayoutStrategy_SetLayoutDataInfoProvider,WrappingLayoutStrategy_SetLayoutDataInfoProvider,551
WrappingLayoutStrategy_BeginMeasure,WrappingLayoutStrategy_BeginMeasure,552
WrappingLayoutStrategy_EndMeasure,WrappingLayoutStrategy_EndMeasure,553
WrappingLayoutStrategy_GetElementMeasureSize,WrappingLayoutStrategy_GetElementMeasureSize,554
WrappingLayoutStrategy_GetElementBounds,WrappingLayoutStrategy_GetElementBounds,555
WrappingLayoutStrategy_GetElementArrangeBounds,WrappingLayoutStrategy_GetElementArrangeBounds,556
WrappingLayoutStrategy_ShouldContinueFillingUpSpace,WrappingLayoutStrategy_ShouldContinueFillingUpSpace,557
WrappingLayoutStrategy_GetPositionOfFirstElement,WrappingLayoutStrategy_GetPositionOfFirstElement,558
WrappingLayoutStrategy_GetVirtualizationDirection,WrappingLayoutStrategy_GetVirtualizationDirection,559
WrappingLayoutStrategy_EstimateElementIndex,WrappingLayoutStrategy_EstimateElementIndex,560
WrappingLayoutStrategy_EstimateElementBounds,WrappingLayoutStrategy_EstimateElementBounds,561
WrappingLayoutStrategy_EstimatePanelExtent,WrappingLayoutStrategy_EstimatePanelExtent,562
WrappingLayoutStrategy_EstimateIndexFromPoint,WrappingLayoutStrategy_EstimateIndexFromPoint,563
WrappingLayoutStrategy_GetTargetIndexFromNavigationAction,WrappingLayoutStrategy_GetTargetIndexFromNavigationAction,564
WrappingLayoutStrategy_IsIndexLayoutBoundary,WrappingLayoutStrategy_IsIndexLayoutBoundary,565
WrappingLayoutStrategy_GetRegularSnapPoints,WrappingLayoutStrategy_GetRegularSnapPoints,566
WrappingLayoutStrategy_HasIrregularSnapPoints,WrappingLayoutStrategy_HasIrregularSnapPoints,567
WrappingLayoutStrategy_HasSnapPointOnElement,WrappingLayoutStrategy_HasSnapPointOnElement,568
WrappingLayoutStrategy_GetIsWrappingStrategy,WrappingLayoutStrategy_GetIsWrappingStrategy,569
WrappingLayoutStrategy_GetElementTransitionsBounds,WrappingLayoutStrategy_GetElementTransitionsBounds,570
LayoutTransitionElementUtilities_CreateLayoutTransitionElement,LayoutTransitionElementUtilities_CreateLayoutTransitionElement,571
LayoutTransitionElementUtilities_DestroyLayoutTransitionElement,LayoutTransitionElementUtilities_DestroyLayoutTransitionElement,572
ParametricCurve_SetPrimaryContentProperty,ParametricCurve_SetPrimaryContentProperty,573
ParametricCurve_SetSecondaryContentProperty,ParametricCurve_SetSecondaryContentProperty,574
PointerAnimationUsingKeyFrames_SetRelativeToObject,PointerAnimationUsingKeyFrames_SetRelativeToObject,575
PointerAnimationUsingKeyFrames_SetRelativeToObjectName,PointerAnimationUsingKeyFrames_SetRelativeToObjectName,576
SecondaryContentRelationship_SetPrimaryContent,SecondaryContentRelationship_SetPrimaryContent,577
SecondaryContentRelationship_SetSecondaryContent,SecondaryContentRelationship_SetSecondaryContent,578
SecondaryContentRelationship_SetAuxiliaryDependencyPropertyHolder,SecondaryContentRelationship_SetAuxiliaryDependencyPropertyHolder,579
SecondaryContentRelationship_PrepareForCurveUpdate,SecondaryContentRelationship_PrepareForCurveUpdate,580
SecondaryContentRelationship_Apply,SecondaryContentRelationship_Apply,581
SecondaryContentRelationship_Remove,SecondaryContentRelationship_Remove,582
SecondaryContentRelationship_UpdateDependencyProperties,SecondaryContentRelationship_UpdateDependencyProperties,583
SecondaryContentRelationship_CreateStickyHeaderRelationship,SecondaryContentRelationship_CreateStickyHeaderRelationship,584
SecondaryContentRelationship_CreateClipTransformRelationship,SecondaryContentRelationship_CreateClipTransformRelationship,585
SecondaryContentRelationship_CreateParallaxRelationship,SecondaryContentRelationship_CreateParallaxRelationship,586
SecondaryContentRelationship_CreateStaticElementRelationship,SecondaryContentRelationship_CreateStaticElementRelationship,587
TextBoxView_LineUp,TextBoxView_LineUp,588
TextBoxView_LineDown,TextBoxView_LineDown,589
TextBoxView_LineLeft,TextBoxView_LineLeft,590
TextBoxView_LineRight,TextBoxView_LineRight,591
TextBoxView_PageUp,TextBoxView_PageUp,592
TextBoxView_PageDown,TextBoxView_PageDown,593
TextBoxView_PageLeft,TextBoxView_PageLeft,594
TextBoxView_PageRight,TextBoxView_PageRight,595
TextBoxView_SetHorizontalOffset,TextBoxView_SetHorizontalOffset,596
TextBoxView_SetVerticalOffset,TextBoxView_SetVerticalOffset,597
TextBoxView_MakeVisible,TextBoxView_MakeVisible,598
BitmapImage_Play,BitmapImage_Play,599
BitmapImage_Stop,BitmapImage_Stop,600
BitmapSource_SetSource,BitmapSource_SetSource,601
BitmapSource_SetSourceAsync,BitmapSource_SetSourceAsync,602
RenderTargetBitmap_RenderAsync,RenderTargetBitmap_RenderAsync,603
RenderTargetBitmap_RenderToSizeAsync,RenderTargetBitmap_RenderToSizeAsync,604
RenderTargetBitmap_GetPixelsAsync,RenderTargetBitmap_GetPixelsAsync,605
SoftwareBitmapSource_SetBitmapAsync,SoftwareBitmapSource_SetBitmapAsync,606
WriteableBitmap_Invalidate,WriteableBitmap_Invalidate,607
XamlRenderingBackgroundTask_OnRun,XamlRenderingBackgroundTask_OnRun,608
XamlRenderingBackgroundTask_EnableStandaloneHosting,XamlRenderingBackgroundTask_EnableStandaloneHosting,609
XamlRenderingBackgroundTask_SetScalePercentage,XamlRenderingBackgroundTask_SetScalePercentage,610
CarouselPanel_LineUp,CarouselPanel_LineUp,611
CarouselPanel_LineDown,CarouselPanel_LineDown,612
CarouselPanel_LineLeft,CarouselPanel_LineLeft,613
CarouselPanel_LineRight,CarouselPanel_LineRight,614
CarouselPanel_PageUp,CarouselPanel_PageUp,615
CarouselPanel_PageDown,CarouselPanel_PageDown,616
CarouselPanel_PageLeft,CarouselPanel_PageLeft,617
CarouselPanel_PageRight,CarouselPanel_PageRight,618
CarouselPanel_MouseWheelUp,CarouselPanel_MouseWheelUp,619
CarouselPanel_MouseWheelDown,CarouselPanel_MouseWheelDown,620
CarouselPanel_MouseWheelLeft,CarouselPanel_MouseWheelLeft,621
CarouselPanel_MouseWheelRight,CarouselPanel_MouseWheelRight,622
CarouselPanel_SetHorizontalOffset,CarouselPanel_SetHorizontalOffset,623
CarouselPanel_SetVerticalOffset,CarouselPanel_SetVerticalOffset,624
CarouselPanel_MakeVisible,CarouselPanel_MakeVisible,625
CarouselPanel_GetIrregularSnapPoints,CarouselPanel_GetIrregularSnapPoints,626
CarouselPanel_GetRegularSnapPoints,CarouselPanel_GetRegularSnapPoints,627
FlyoutBase_ShowAt,FlyoutBase_ShowAt,628
FlyoutBase_Hide,FlyoutBase_Hide,629
FlyoutBase_CreatePresenter,FlyoutBase_CreatePresenter,630
FlyoutBase_ShowAttachedFlyout,FlyoutBase_ShowAttachedFlyout,631
FlyoutBase_PlaceFlyoutForDateTimePicker,FlyoutBase_PlaceFlyoutForDateTimePicker,632
GeneratorPosition_FromIndexAndOffset,GeneratorPosition_FromIndexAndOffset,633
LayoutInformation_GetLayoutExceptionElement,LayoutInformation_GetLayoutExceptionElement,634
LayoutInformation_GetLayoutSlot,LayoutInformation_GetLayoutSlot,635
OrientedVirtualizingPanel_LineUp,OrientedVirtualizingPanel_LineUp,636
OrientedVirtualizingPanel_LineDown,OrientedVirtualizingPanel_LineDown,637
OrientedVirtualizingPanel_LineLeft,OrientedVirtualizingPanel_LineLeft,638
OrientedVirtualizingPanel_LineRight,OrientedVirtualizingPanel_LineRight,639
OrientedVirtualizingPanel_PageUp,OrientedVirtualizingPanel_PageUp,640
OrientedVirtualizingPanel_PageDown,OrientedVirtualizingPanel_PageDown,641
OrientedVirtualizingPanel_PageLeft,OrientedVirtualizingPanel_PageLeft,642
OrientedVirtualizingPanel_PageRight,OrientedVirtualizingPanel_PageRight,643
OrientedVirtualizingPanel_MouseWheelUp,OrientedVirtualizingPanel_MouseWheelUp,644
OrientedVirtualizingPanel_MouseWheelDown,OrientedVirtualizingPanel_MouseWheelDown,645
OrientedVirtualizingPanel_MouseWheelLeft,OrientedVirtualizingPanel_MouseWheelLeft,646
OrientedVirtualizingPanel_MouseWheelRight,OrientedVirtualizingPanel_MouseWheelRight,647
OrientedVirtualizingPanel_SetHorizontalOffset,OrientedVirtualizingPanel_SetHorizontalOffset,648
OrientedVirtualizingPanel_SetVerticalOffset,OrientedVirtualizingPanel_SetVerticalOffset,649
OrientedVirtualizingPanel_MakeVisible,OrientedVirtualizingPanel_MakeVisible,650
OrientedVirtualizingPanel_GetIrregularSnapPoints,OrientedVirtualizingPanel_GetIrregularSnapPoints,651
OrientedVirtualizingPanel_GetRegularSnapPoints,OrientedVirtualizingPanel_GetRegularSnapPoints,652
OrientedVirtualizingPanel_GetInsertionIndexes,OrientedVirtualizingPanel_GetInsertionIndexes,653
Popup_OnBackButtonPressed,Popup_OnBackButtonPressed,654
RangeBase_OnMinimumChanged,RangeBase_OnMinimumChanged,655
RangeBase_OnMaximumChanged,RangeBase_OnMaximumChanged,656
RangeBase_OnValueChanged,RangeBase_OnValueChanged,657
Selector_GetIsSelectionActive,Selector_GetIsSelectionActive,658
Selector_BeginInit,Selector_BeginInit,659
Selector_EndInit,Selector_EndInit,660
Thumb_CancelDrag,Thumb_CancelDrag,661
ToggleButton_OnToggle,ToggleButton_OnToggle,662
AppBarLightDismissAutomationPeer_Invoke,AppBarLightDismissAutomationPeer_Invoke,663
AutomationPeer_ListenerExists,AutomationPeer_ListenerExists,664
AutomationPeer_GetPattern,AutomationPeer_GetPattern,665
AutomationPeer_RaiseAutomationEvent,AutomationPeer_RaiseAutomationEvent,666
AutomationPeer_RaisePropertyChangedEvent,AutomationPeer_RaisePropertyChangedEvent,667
AutomationPeer_GetAcceleratorKey,AutomationPeer_GetAcceleratorKey,668
AutomationPeer_GetAccessKey,AutomationPeer_GetAccessKey,669
AutomationPeer_GetAutomationControlType,AutomationPeer_GetAutomationControlType,670
AutomationPeer_GetAutomationId,AutomationPeer_GetAutomationId,671
AutomationPeer_GetBoundingRectangle,AutomationPeer_GetBoundingRectangle,672
AutomationPeer_GetChildren,AutomationPeer_GetChildren,673
AutomationPeer_GetChildrenCore,AutomationPeer_GetChildrenCore,674
AutomationPeer_Navigate,AutomationPeer_Navigate,675
AutomationPeer_GetClassName,AutomationPeer_GetClassName,676
AutomationPeer_GetClickablePoint,AutomationPeer_GetClickablePoint,677
AutomationPeer_GetHelpText,AutomationPeer_GetHelpText,678
AutomationPeer_GetItemStatus,AutomationPeer_GetItemStatus,679
AutomationPeer_GetItemType,AutomationPeer_GetItemType,680
AutomationPeer_GetLabeledBy,AutomationPeer_GetLabeledBy,681
AutomationPeer_GetLocalizedControlType,AutomationPeer_GetLocalizedControlType,682
AutomationPeer_GetName,AutomationPeer_GetName,683
AutomationPeer_GetOrientation,AutomationPeer_GetOrientation,684
AutomationPeer_HasKeyboardFocus,AutomationPeer_HasKeyboardFocus,685
AutomationPeer_IsContentElement,AutomationPeer_IsContentElement,686
AutomationPeer_IsControlElement,AutomationPeer_IsControlElement,687
AutomationPeer_IsEnabled,AutomationPeer_IsEnabled,688
AutomationPeer_IsKeyboardFocusable,AutomationPeer_IsKeyboardFocusable,689
AutomationPeer_IsOffscreen,AutomationPeer_IsOffscreen,690
AutomationPeer_IsPassword,AutomationPeer_IsPassword,691
AutomationPeer_IsRequiredForForm,AutomationPeer_IsRequiredForForm,692
AutomationPeer_SetFocus,AutomationPeer_SetFocus,693
AutomationPeer_GetParent,AutomationPeer_GetParent,694
AutomationPeer_InvalidatePeer,AutomationPeer_InvalidatePeer,695
AutomationPeer_GetPeerFromPoint,AutomationPeer_GetPeerFromPoint,696
AutomationPeer_GetPeerFromPointCore,AutomationPeer_GetPeerFromPointCore,697
AutomationPeer_GetElementFromPoint,AutomationPeer_GetElementFromPoint,698
AutomationPeer_GetFocusedElement,AutomationPeer_GetFocusedElement,699
AutomationPeer_PeerFromProvider,AutomationPeer_PeerFromProvider,700
AutomationPeer_ProviderFromPeer,AutomationPeer_ProviderFromPeer,701
AutomationPeer_GetLiveSetting,AutomationPeer_GetLiveSetting,702
AutomationPeer_ShowContextMenuCore,AutomationPeer_ShowContextMenuCore,703
AutomationPeer_GetControlledPeersCore,AutomationPeer_GetControlledPeersCore,704
AutomationPeer_GenerateRawElementProviderRuntimeId,AutomationPeer_GenerateRawElementProviderRuntimeId,705
AutomationPeer_ShowContextMenu,AutomationPeer_ShowContextMenu,706
AutomationPeer_GetControlledPeers,AutomationPeer_GetControlledPeers,707
AutomationPeer_GetAnnotations,AutomationPeer_GetAnnotations,708
AutomationPeer_SetParent,AutomationPeer_SetParent,709
AutomationPeer_RaiseTextEditTextChangedEvent,AutomationPeer_RaiseTextEditTextChangedEvent,710
AutomationPeer_GetPositionInSet,AutomationPeer_GetPositionInSet,711
AutomationPeer_GetSizeOfSet,AutomationPeer_GetSizeOfSet,712
AutomationPeer_GetLevel,AutomationPeer_GetLevel,713
AutomationPeer_RaiseStructureChangedEvent,AutomationPeer_RaiseStructureChangedEvent,714
AutomationPeer_GetLandmarkType,AutomationPeer_GetLandmarkType,715
AutomationPeer_GetLocalizedLandmarkType,AutomationPeer_GetLocalizedLandmarkType,716
AutomationPeer_IsPeripheral,AutomationPeer_IsPeripheral,717
AutomationPeer_IsDataValidForForm,AutomationPeer_IsDataValidForForm,718
AutomationPeer_GetFullDescription,AutomationPeer_GetFullDescription,719
AutomationPeer_GetDescribedByCore,AutomationPeer_GetDescribedByCore,720
AutomationPeer_GetFlowsToCore,AutomationPeer_GetFlowsToCore,721
AutomationPeer_GetFlowsFromCore,AutomationPeer_GetFlowsFromCore,722
AutomationPeer_SetAutomationFocus,AutomationPeer_SetAutomationFocus,723
ButtonAutomationPeer_Invoke,ButtonAutomationPeer_Invoke,724
CalendarDatePickerAutomationPeer_Invoke,CalendarDatePickerAutomationPeer_Invoke,725
CalendarViewAutomationPeer_GetColumnHeaders,CalendarViewAutomationPeer_GetColumnHeaders,726
CalendarViewAutomationPeer_GetRowHeaders,CalendarViewAutomationPeer_GetRowHeaders,727
CalendarViewAutomationPeer_GetItem,CalendarViewAutomationPeer_GetItem,728
CalendarViewAutomationPeer_SetValue,CalendarViewAutomationPeer_SetValue,729
CalendarViewAutomationPeer_GetSelection,CalendarViewAutomationPeer_GetSelection,730
CalendarViewBaseItemAutomationPeer_ScrollIntoView,CalendarViewBaseItemAutomationPeer_ScrollIntoView,731
CalendarViewDayItemAutomationPeer_GetColumnHeaderItems,CalendarViewDayItemAutomationPeer_GetColumnHeaderItems,732
CalendarViewDayItemAutomationPeer_GetRowHeaderItems,CalendarViewDayItemAutomationPeer_GetRowHeaderItems,733
CalendarViewDayItemAutomationPeer_AddToSelection,CalendarViewDayItemAutomationPeer_AddToSelection,734
CalendarViewDayItemAutomationPeer_RemoveFromSelection,CalendarViewDayItemAutomationPeer_RemoveFromSelection,735
CalendarViewDayItemAutomationPeer_Select,CalendarViewDayItemAutomationPeer_Select,736
CalendarViewItemAutomationPeer_Invoke,CalendarViewItemAutomationPeer_Invoke,737
CalendarViewItemAutomationPeer_GetColumnHeaderItems,CalendarViewItemAutomationPeer_GetColumnHeaderItems,738
CalendarViewItemAutomationPeer_GetRowHeaderItems,CalendarViewItemAutomationPeer_GetRowHeaderItems,739
ComboBoxAutomationPeer_SetValue,ComboBoxAutomationPeer_SetValue,740
ComboBoxAutomationPeer_Collapse,ComboBoxAutomationPeer_Collapse,741
ComboBoxAutomationPeer_Expand,ComboBoxAutomationPeer_Expand,742
ComboBoxAutomationPeer_Close,ComboBoxAutomationPeer_Close,743
ComboBoxAutomationPeer_SetVisualState,ComboBoxAutomationPeer_SetVisualState,744
ComboBoxAutomationPeer_WaitForInputIdle,ComboBoxAutomationPeer_WaitForInputIdle,745
ComboBoxItemDataAutomationPeer_ScrollIntoView,ComboBoxItemDataAutomationPeer_ScrollIntoView,746
ComboBoxLightDismissAutomationPeer_Invoke,ComboBoxLightDismissAutomationPeer_Invoke,747
FlipViewItemDataAutomationPeer_ScrollIntoView,FlipViewItemDataAutomationPeer_ScrollIntoView,748
FrameworkElementAutomationPeer_FromElement,FrameworkElementAutomationPeer_FromElement,749
FrameworkElementAutomationPeer_CreatePeerForElement,FrameworkElementAutomationPeer_CreatePeerForElement,750
FrameworkElementAutomationPeer_GetAutomationPeersForChildrenOfElement,FrameworkElementAutomationPeer_GetAutomationPeersForChildrenOfElement,751
GridViewItemDataAutomationPeer_ScrollIntoView,GridViewItemDataAutomationPeer_ScrollIntoView,752
HyperlinkAutomationPeer_Invoke,HyperlinkAutomationPeer_Invoke,753
HyperlinkButtonAutomationPeer_Invoke,HyperlinkButtonAutomationPeer_Invoke,754
ItemAutomationPeer_Realize,ItemAutomationPeer_Realize,755
ItemInvokeAdapter_Invoke,ItemInvokeAdapter_Invoke,756
ItemsControlAutomationPeer_OnCreateItemAutomationPeer,ItemsControlAutomationPeer_OnCreateItemAutomationPeer,757
ItemsControlAutomationPeer_CreateItemAutomationPeer,ItemsControlAutomationPeer_CreateItemAutomationPeer,758
ItemsControlAutomationPeer_FindItemByProperty,ItemsControlAutomationPeer_FindItemByProperty,759
ListBoxItemDataAutomationPeer_ScrollIntoView,ListBoxItemDataAutomationPeer_ScrollIntoView,760
ListViewBaseItemAutomationPeer_GetGrabbedItems,ListViewBaseItemAutomationPeer_GetGrabbedItems,761
ListViewItemDataAutomationPeer_ScrollIntoView,ListViewItemDataAutomationPeer_ScrollIntoView,762
MenuFlyoutItemAutomationPeer_Invoke,MenuFlyoutItemAutomationPeer_Invoke,763
MenuFlyoutSubItemAutomationPeer_Collapse,MenuFlyoutSubItemAutomationPeer_Collapse,764
MenuFlyoutSubItemAutomationPeer_Expand,MenuFlyoutSubItemAutomationPeer_Expand,765
PopupAutomationPeer_Close,PopupAutomationPeer_Close,766
PopupAutomationPeer_SetVisualState,PopupAutomationPeer_SetVisualState,767
PopupAutomationPeer_WaitForInputIdle,PopupAutomationPeer_WaitForInputIdle,768
PopupRootAutomationPeer_Invoke,PopupRootAutomationPeer_Invoke,769
RadioButtonAutomationPeer_AddToSelection,RadioButtonAutomationPeer_AddToSelection,770
RadioButtonAutomationPeer_RemoveFromSelection,RadioButtonAutomationPeer_RemoveFromSelection,771
RadioButtonAutomationPeer_Select,RadioButtonAutomationPeer_Select,772
RangeBaseAutomationPeer_SetValue,RangeBaseAutomationPeer_SetValue,773
RepeatButtonAutomationPeer_Invoke,RepeatButtonAutomationPeer_Invoke,774
ScrollViewerAutomationPeer_Scroll,ScrollViewerAutomationPeer_Scroll,775
ScrollViewerAutomationPeer_SetScrollPercent,ScrollViewerAutomationPeer_SetScrollPercent,776
SelectorAutomationPeer_GetSelection,SelectorAutomationPeer_GetSelection,777
SelectorItemAutomationPeer_AddToSelection,SelectorItemAutomationPeer_AddToSelection,778
SelectorItemAutomationPeer_RemoveFromSelection,SelectorItemAutomationPeer_RemoveFromSelection,779
SelectorItemAutomationPeer_Select,SelectorItemAutomationPeer_Select,780
SemanticZoomAutomationPeer_Toggle,SemanticZoomAutomationPeer_Toggle,781
SplitViewLightDismissAutomationPeer_Invoke,SplitViewLightDismissAutomationPeer_Invoke,782
SplitViewPaneAutomationPeer_Close,SplitViewPaneAutomationPeer_Close,783
SplitViewPaneAutomationPeer_SetVisualState,SplitViewPaneAutomationPeer_SetVisualState,784
SplitViewPaneAutomationPeer_WaitForInputIdle,SplitViewPaneAutomationPeer_WaitForInputIdle,785
TextAdapter_GetSelection,TextAdapter_GetSelection,786
TextAdapter_GetVisibleRanges,TextAdapter_GetVisibleRanges,787
TextAdapter_RangeFromChild,TextAdapter_RangeFromChild,788
TextAdapter_RangeFromPoint,TextAdapter_RangeFromPoint,789
TextBlockAutomationPeer_SetActiveListeningState,TextBlockAutomationPeer_SetActiveListeningState,790
TextBlockAutomationPeer_SetDisambiguationState,TextBlockAutomationPeer_SetDisambiguationState,791
TextBlockAutomationPeer_ClearSpeechState,TextBlockAutomationPeer_ClearSpeechState,792
TextRangeAdapter_Clone,TextRangeAdapter_Clone,793
TextRangeAdapter_Compare,TextRangeAdapter_Compare,794
TextRangeAdapter_CompareEndpoints,TextRangeAdapter_CompareEndpoints,795
TextRangeAdapter_ExpandToEnclosingUnit,TextRangeAdapter_ExpandToEnclosingUnit,796
TextRangeAdapter_FindAttribute,TextRangeAdapter_FindAttribute,797
TextRangeAdapter_FindText,TextRangeAdapter_FindText,798
TextRangeAdapter_GetAttributeValue,TextRangeAdapter_GetAttributeValue,799
TextRangeAdapter_GetBoundingRectangles,TextRangeAdapter_GetBoundingRectangles,800
TextRangeAdapter_GetEnclosingElement,TextRangeAdapter_GetEnclosingElement,801
TextRangeAdapter_GetText,TextRangeAdapter_GetText,802
TextRangeAdapter_Move,TextRangeAdapter_Move,803
TextRangeAdapter_MoveEndpointByUnit,TextRangeAdapter_MoveEndpointByUnit,804
TextRangeAdapter_MoveEndpointByRange,TextRangeAdapter_MoveEndpointByRange,805
TextRangeAdapter_Select,TextRangeAdapter_Select,806
TextRangeAdapter_AddToSelection,TextRangeAdapter_AddToSelection,807
TextRangeAdapter_RemoveFromSelection,TextRangeAdapter_RemoveFromSelection,808
TextRangeAdapter_ScrollIntoView,TextRangeAdapter_ScrollIntoView,809
TextRangeAdapter_GetChildren,TextRangeAdapter_GetChildren,810
ToggleButtonAutomationPeer_Toggle,ToggleButtonAutomationPeer_Toggle,811
ToggleMenuFlyoutItemAutomationPeer_Toggle,ToggleMenuFlyoutItemAutomationPeer_Toggle,812
ToggleSwitchAutomationPeer_Toggle,ToggleSwitchAutomationPeer_Toggle,813
Binding_BeginInit,Binding_BeginInit,814
Binding_EndInit,Binding_EndInit,815
BindingExpression_UpdateSource,BindingExpression_UpdateSource,816
BindingOperations_SetBinding,BindingOperations_SetBinding,817
CollectionView_MoveCurrentTo,CollectionView_MoveCurrentTo,818
CollectionView_MoveCurrentToPosition,CollectionView_MoveCurrentToPosition,819
CollectionView_MoveCurrentToFirst,CollectionView_MoveCurrentToFirst,820
CollectionView_MoveCurrentToLast,CollectionView_MoveCurrentToLast,821
CollectionView_MoveCurrentToNext,CollectionView_MoveCurrentToNext,822
CollectionView_MoveCurrentToPrevious,CollectionView_MoveCurrentToPrevious,823
CollectionView_LoadMoreItemsAsync,CollectionView_LoadMoreItemsAsync,824
CollectionView_GetCustomProperty,CollectionView_GetCustomProperty,825
CollectionView_GetIndexedProperty,CollectionView_GetIndexedProperty,826
CollectionView_GetStringRepresentation,CollectionView_GetStringRepresentation,827
CollectionViewGroup_GetCustomProperty,CollectionViewGroup_GetCustomProperty,828
CollectionViewGroup_GetIndexedProperty,CollectionViewGroup_GetIndexedProperty,829
CollectionViewGroup_GetStringRepresentation,CollectionViewGroup_GetStringRepresentation,830
Matrix3D_GetHasInverse,Matrix3D_GetHasInverse,831
Matrix3D_GetIsIdentity,Matrix3D_GetIsIdentity,832
Matrix3D_Invert,Matrix3D_Invert,833
Matrix3D_Multiply,Matrix3D_Multiply,834
Matrix3D_FromElements,Matrix3D_FromElements,835
XamlBinaryWriter_Write,XamlBinaryWriter_Write,836
XamlBindingHelper_SuspendRendering,XamlBindingHelper_SuspendRendering,837
XamlBindingHelper_ResumeRendering,XamlBindingHelper_ResumeRendering,838
XamlBindingHelper_ConvertValue,XamlBindingHelper_ConvertValue,839
XamlBindingHelper_SetPropertyFromString,XamlBindingHelper_SetPropertyFromString,840
XamlBindingHelper_SetPropertyFromBoolean,XamlBindingHelper_SetPropertyFromBoolean,841
XamlBindingHelper_SetPropertyFromChar16,XamlBindingHelper_SetPropertyFromChar16,842
XamlBindingHelper_SetPropertyFromDateTime,XamlBindingHelper_SetPropertyFromDateTime,843
XamlBindingHelper_SetPropertyFromDouble,XamlBindingHelper_SetPropertyFromDouble,844
XamlBindingHelper_SetPropertyFromInt32,XamlBindingHelper_SetPropertyFromInt32,845
XamlBindingHelper_SetPropertyFromUInt32,XamlBindingHelper_SetPropertyFromUInt32,846
XamlBindingHelper_SetPropertyFromInt64,XamlBindingHelper_SetPropertyFromInt64,847
XamlBindingHelper_SetPropertyFromUInt64,XamlBindingHelper_SetPropertyFromUInt64,848
XamlBindingHelper_SetPropertyFromSingle,XamlBindingHelper_SetPropertyFromSingle,849
XamlBindingHelper_SetPropertyFromPoint,XamlBindingHelper_SetPropertyFromPoint,850
XamlBindingHelper_SetPropertyFromRect,XamlBindingHelper_SetPropertyFromRect,851
XamlBindingHelper_SetPropertyFromSize,XamlBindingHelper_SetPropertyFromSize,852
XamlBindingHelper_SetPropertyFromTimeSpan,XamlBindingHelper_SetPropertyFromTimeSpan,853
XamlBindingHelper_SetPropertyFromByte,XamlBindingHelper_SetPropertyFromByte,854
XamlBindingHelper_SetPropertyFromUri,XamlBindingHelper_SetPropertyFromUri,855
XamlBindingHelper_SetPropertyFromObject,XamlBindingHelper_SetPropertyFromObject,856
XamlReader_Load,XamlReader_Load,857
XamlReader_LoadWithInitialTemplateValidation,XamlReader_LoadWithInitialTemplateValidation,858
PrintDocument_AddPage,PrintDocument_AddPage,859
PrintDocument_AddPagesComplete,PrintDocument_AddPagesComplete,860
PrintDocument_SetPreviewPageCount,PrintDocument_SetPreviewPageCount,861
PrintDocument_SetPreviewPage,PrintDocument_SetPreviewPage,862
PrintDocument_InvalidatePreview,PrintDocument_InvalidatePreview,863
ElementCompositionPreview_GetElementVisual,ElementCompositionPreview_GetElementVisual,864
ElementCompositionPreview_GetElementChildVisual,ElementCompositionPreview_GetElementChildVisual,865
ElementCompositionPreview_SetElementChildVisual,ElementCompositionPreview_SetElementChildVisual,866
ElementCompositionPreview_GetScrollViewerManipulationPropertySet,ElementCompositionPreview_GetScrollViewerManipulationPropertySet,867
XamlPresenter_SetAtlasSizeHint,XamlPresenter_SetAtlasSizeHint,868
XamlPresenter_InitializePresenter,XamlPresenter_InitializePresenter,869
XamlPresenter_CreateFromHwnd,XamlPresenter_CreateFromHwnd,870
XamlPresenter_InitializePresenterWithTheme,XamlPresenter_InitializePresenterWithTheme,871
XamlPresenter_SetCaretWidth,XamlPresenter_SetCaretWidth,872
XamlPresenter_SetViewActivityState,XamlPresenter_SetViewActivityState,873
XamlRuntime_SetSite,XamlRuntime_SetSite,874
XamlUIPresenter_SetSize,XamlUIPresenter_SetSize,875
XamlUIPresenter_Render,XamlUIPresenter_Render,876
XamlUIPresenter_Present,XamlUIPresenter_Present,877
XamlUIPresenter_GetFlyoutPlacementTargetInfo,XamlUIPresenter_GetFlyoutPlacementTargetInfo,878
XamlUIPresenter_GetFlyoutPlacement,XamlUIPresenter_GetFlyoutPlacement,879
XamlUIPresenter_SetHost,XamlUIPresenter_SetHost,880
XamlUIPresenter_NotifyWindowSizeChanged,XamlUIPresenter_NotifyWindowSizeChanged,881
