UnknownType,UnknownType,0
Byte,Byte,1
Char16,Char16,2
DateTime,DateTime,3
GeneratorPosition,GeneratorPosition,4
Guid,Guid,5
Int16,Int16,6
Int64,Int64,7
Object,Object,8
Float,Float,9
TypeName,TypeName,10
UInt16,UInt16,11
UInt32,UInt32,12
UInt64,UInt64,13
AutomationProperties,AutomationProperties,14
DataPackage_Deleted0,UnknownType,15
DataTemplateSelector,DataTemplateSelector,16
DependencyObject,DependencyObject,17
EventHandlerStub,EventHandlerStub,18
GroupStyleCollection,GroupStyleCollection,19
GroupStyleSelector,GroupStyleSelector,20
ItemContainerGenerator,ItemContainerGenerator,21
ListViewPersistenceHelper,ListViewPersistenceHelper,22
StyleSelector,StyleSelector,23
TextOptions,TextOptions,24
ToolTipService,ToolTipService,25
Typography,Typography,26
Uri,Uri,27
WindowsMediaCaptureMediaCapture_Deleted0,UnknownType,28
WindowsMediaPlayToSource_Deleted0,UnknownType,29
WindowsMediaProtectionMediaProtectionManager_Deleted0,UnknownType,30
Application,Application,31
ApplicationBarService,ApplicationBarService,32
AutomationPeer,AutomationPeer,33
AutoSuggestBoxSuggestionChosenEventArgs,AutoSuggestBoxSuggestionChosenEventArgs,34
AutoSuggestBoxTextChangedEventArgs,AutoSuggestBoxTextChangedEventArgs,35
Boolean,Boolean,36
Brush,Brush,37
CacheMode,CacheMode,38
CollectionView,CollectionView,39
CollectionViewGroup,CollectionViewGroup,40
CollectionViewSource,CollectionViewSource,41
Color,Color,42
ColorKeyFrame,ColorKeyFrame,43
ColumnDefinition,ColumnDefinition,44
ComboBoxTemplateSettings,ComboBoxTemplateSettings,45
CornerRadius,CornerRadius,46
DDouble_Deleted0,UnknownType,47
DebugSettings,DebugSettings,48
DependencyObjectWrapper,DependencyObjectWrapper,49
DependencyPropertyProxy,DependencyPropertyProxy,50
Deployment,Deployment,51
Double,Double,52
DoubleKeyFrame,DoubleKeyFrame,53
DPoint_Deleted0,UnknownType,54
EasingFunctionBase,EasingFunctionBase,55
Enumerated,Enumerated,56
ExternalObjectReference,ExternalObjectReference,57
FlyoutBase,FlyoutBase,58
FontFamily,FontFamily,59
FontWeight,FontWeight,60
FrameworkTemplate,FrameworkTemplate,61
GeneralTransform,GeneralTransform,62
Geometry,Geometry,63
GradientStop,GradientStop,64
GridLength,GridLength,65
GroupStyle,GroupStyle,66
HWCompNode,HWCompNode,67
ImageSource,ImageSource,68
IMECandidateItem_Deleted0,UnknownType,69
IMECandidatePage_Deleted0,UnknownType,70
InertiaExpansionBehavior,InertiaExpansionBehavior,71
InertiaRotationBehavior,InertiaRotationBehavior,72
InertiaTranslationBehavior,InertiaTranslationBehavior,73
InputScope,InputScope,74
InputScopeName,InputScopeName,75
Int32,Int32,76
IRawElementProviderSimple,IRawElementProviderSimple,77
KeySpline,KeySpline,78
LayoutTransitionStaggerItem,LayoutTransitionStaggerItem,79
LengthConverter,LengthConverter,80
ListViewBaseItemTemplateSettings,ListViewBaseItemTemplateSettings,81
ManipulationDelta,ManipulationDelta,82
ManipulationPivot,ManipulationPivot,83
ManipulationVelocities,ManipulationVelocities,84
MarkupExtensionBase,MarkupExtensionBase,85
Matrix,Matrix,86
Matrix3D,Matrix3D,87
NavigationTransitionInfo,NavigationTransitionInfo,88
ObjectKeyFrame,ObjectKeyFrame,89
PageStackEntry,PageStackEntry,90
ParametricCurve,ParametricCurve,91
ParametricCurveSegment,ParametricCurveSegment,92
PathFigure,PathFigure,93
PathSegment,PathSegment,94
Point,Point,95
Pointer,Pointer,96
PointerKeyFrame,PointerKeyFrame,97
PointKeyFrame,PointKeyFrame,98
PresentationFrameworkCollection,PresentationFrameworkCollection,99
PrintDocument,PrintDocument,100
ProgressBarTemplateSettings_Deleted0,UnknownType,101
ProgressRingTemplateSettings_Deleted0,UnknownType,102
Projection,Projection,103
PropertyPath,PropertyPath,104
Rect,Rect,105
RowDefinition,RowDefinition,106
SecondaryContentRelationship,SecondaryContentRelationship,107
SetterBase,SetterBase,108
SettingsFlyoutTemplateSettings_Deleted0,UnknownType,109
Size,Size,110
SolidColorBrushClone_Deleted0,UnknownType,111
StaggerFunctionBase,StaggerFunctionBase,112
String,String,113
Style,Style,114
TemplateContent,TemplateContent,115
TextAdapter,TextAdapter,116
TextCompositionStage_Deleted0,UnknownType,117
TextDecorationCollection_Deleted0,UnknownType,118
TextElement,TextElement,119
TextPointerWrapper,TextPointerWrapper,120
TextProvider,TextProvider,121
TextRangeAdapter,TextRangeAdapter,122
TextRangeProvider,TextRangeProvider,123
Thickness,Thickness,124
Timeline,Timeline,125
TimelineMarker_Deleted0,UnknownType,126
TimeSpan,TimeSpan,127
ToggleSwitchTemplateSettings,ToggleSwitchTemplateSettings,128
ToolTipTemplateSettings,ToolTipTemplateSettings,129
Transition,Transition,130
TransitionTarget,TransitionTarget,131
TriggerAction,TriggerAction,132
TriggerBase,TriggerBase,133
TypeProxy_Deleted0,UnknownType,134
UIElement,UIElement,135
UIElementClone_Deleted0,UnknownType,136
VisualState,VisualState,137
VisualStateGroup,VisualStateGroup,138
VisualStateManager,VisualStateManager,139
VisualTransition,VisualTransition,140
Window,Window,141
PresentationFrameworkCollectionOfUIElement,PresentationFrameworkCollectionOfUIElement,142
PresentationFrameworkCollectionOfTransition,PresentationFrameworkCollectionOfTransition,143
PresentationFrameworkCollectionOfTimeline,PresentationFrameworkCollectionOfTimeline,144
PresentationFrameworkCollectionOfPointer,PresentationFrameworkCollectionOfPointer,145
PresentationFrameworkCollectionOfAutomationPeer,PresentationFrameworkCollectionOfAutomationPeer,146
PresentationFrameworkCollectionOfTriggerBase,PresentationFrameworkCollectionOfTriggerBase,147
PresentationFrameworkCollectionOfDependencyObject,PresentationFrameworkCollectionOfDependencyObject,148
PresentationFrameworkCollectionOfResourceDictionary,PresentationFrameworkCollectionOfResourceDictionary,149
PresentationFrameworkCollectionOfSetterBase,PresentationFrameworkCollectionOfSetterBase,150
PresentationFrameworkCollectionOfTriggerAction,PresentationFrameworkCollectionOfTriggerAction,151
PresentationFrameworkCollectionOfVisualTransition,PresentationFrameworkCollectionOfVisualTransition,152
PresentationFrameworkCollectionOfVisualState,PresentationFrameworkCollectionOfVisualState,153
PresentationFrameworkCollectionOfVisualStateGroup,PresentationFrameworkCollectionOfVisualStateGroup,154
PresentationFrameworkCollectionOfDouble,PresentationFrameworkCollectionOfDouble,155
PresentationFrameworkCollectionOfFloat,PresentationFrameworkCollectionOfFloat,156
PresentationFrameworkCollectionOfPoint,PresentationFrameworkCollectionOfPoint,157
PresentationFrameworkCollectionOfTransform,PresentationFrameworkCollectionOfTransform,158
PresentationFrameworkCollectionOfPathSegment,PresentationFrameworkCollectionOfPathSegment,159
PresentationFrameworkCollectionOfPathFigure,PresentationFrameworkCollectionOfPathFigure,160
PresentationFrameworkCollectionOfGeometry,PresentationFrameworkCollectionOfGeometry,161
PresentationFrameworkCollectionOfGradientStop,PresentationFrameworkCollectionOfGradientStop,162
PresentationFrameworkCollectionOfTimelineMarker_Deleted0,UnknownType,163
PresentationFrameworkCollectionOfColorKeyFrame,PresentationFrameworkCollectionOfColorKeyFrame,164
PresentationFrameworkCollectionOfDoubleKeyFrame,PresentationFrameworkCollectionOfDoubleKeyFrame,165
PresentationFrameworkCollectionOfPointKeyFrame,PresentationFrameworkCollectionOfPointKeyFrame,166
PresentationFrameworkCollectionOfObjectKeyFrame,PresentationFrameworkCollectionOfObjectKeyFrame,167
PresentationFrameworkCollectionOfInputScopeName,PresentationFrameworkCollectionOfInputScopeName,168
PresentationFrameworkCollectionOfTextElement,PresentationFrameworkCollectionOfTextElement,169
PresentationFrameworkCollectionOfRowDefinition,PresentationFrameworkCollectionOfRowDefinition,170
PresentationFrameworkCollectionOfColumnDefinition,PresentationFrameworkCollectionOfColumnDefinition,171
PresentationFrameworkCollectionOfMenuFlyoutItemBase,PresentationFrameworkCollectionOfMenuFlyoutItemBase,172
PresentationFrameworkCollectionOfHubSection,PresentationFrameworkCollectionOfHubSection,173
PresentationFrameworkCollectionOfPointerKeyFrame,PresentationFrameworkCollectionOfPointerKeyFrame,174
PresentationFrameworkCollectionOfParametricCurveSegment,PresentationFrameworkCollectionOfParametricCurveSegment,175
PresentationFrameworkCollectionOfParametricCurve,PresentationFrameworkCollectionOfParametricCurve,176
AddDeleteThemeTransition,AddDeleteThemeTransition,177
ArcSegment,ArcSegment,178
BackEase,BackEase,179
BeginStoryboard,BeginStoryboard,180
BezierSegment,BezierSegment,181
BindingBase,BindingBase,182
BitmapCache,BitmapCache,183
BitmapSource,BitmapSource,184
Block,Block,185
BounceEase,BounceEase,186
CircleEase,CircleEase,187
ColorAnimation,ColorAnimation,188
ColorAnimationUsingKeyFrames,ColorAnimationUsingKeyFrames,189
ContentThemeTransition,ContentThemeTransition,190
ControlTemplate,ControlTemplate,191
CubicEase,CubicEase,192
CustomResource,CustomResource,193
DataTemplate,DataTemplate,194
DiscreteColorKeyFrame,DiscreteColorKeyFrame,195
DiscreteDoubleKeyFrame,DiscreteDoubleKeyFrame,196
DiscreteObjectKeyFrame,DiscreteObjectKeyFrame,197
DiscretePointKeyFrame,DiscretePointKeyFrame,198
DispatcherTimer,DispatcherTimer,199
DoubleAnimation,DoubleAnimation,200
DoubleAnimationUsingKeyFrames,DoubleAnimationUsingKeyFrames,201
Duration,Duration,202
DynamicTimeline,DynamicTimeline,203
EasingColorKeyFrame,EasingColorKeyFrame,204
EasingDoubleKeyFrame,EasingDoubleKeyFrame,205
EasingPointKeyFrame,EasingPointKeyFrame,206
EdgeUIThemeTransition,EdgeUIThemeTransition,207
ElasticEase,ElasticEase,208
EllipseGeometry,EllipseGeometry,209
EntranceThemeTransition,EntranceThemeTransition,210
EventTrigger,EventTrigger,211
ExponentialEase,ExponentialEase,212
Flyout,Flyout,213
FrameworkElement,FrameworkElement,214
FrameworkElementAutomationPeer,FrameworkElementAutomationPeer,215
GeometryGroup,GeometryGroup,216
GradientBrush,GradientBrush,217
GridViewItemTemplateSettings,GridViewItemTemplateSettings,218
GroupedDataCollectionView,GroupedDataCollectionView,219
HWCompLeafNode,HWCompLeafNode,220
HWCompTreeNode,HWCompTreeNode,221
HyperlinkAutomationPeer,HyperlinkAutomationPeer,222
Inline,Inline,223
InputPaneThemeTransition,InputPaneThemeTransition,224
InternalTransform,InternalTransform,225
ItemAutomationPeer,ItemAutomationPeer,226
ItemsPanelTemplate,ItemsPanelTemplate,227
KeyTime,KeyTime,228
LayoutTransitionElement,LayoutTransitionElement,229
LinearColorKeyFrame,LinearColorKeyFrame,230
LinearDoubleKeyFrame,LinearDoubleKeyFrame,231
LinearPointKeyFrame,LinearPointKeyFrame,232
LineGeometry,LineGeometry,233
LineSegment,LineSegment,234
ListViewItemTemplateSettings,ListViewItemTemplateSettings,235
Matrix3DProjection,Matrix3DProjection,236
MediaSwapChainElement,MediaSwapChainElement,237
MenuFlyout,MenuFlyout,238
NullExtension,NullExtension,239
ObjectAnimationUsingKeyFrames,ObjectAnimationUsingKeyFrames,240
PaneThemeTransition,PaneThemeTransition,241
ParallelTimeline,ParallelTimeline,242
PathGeometry,PathGeometry,243
PlaneProjection,PlaneProjection,244
PointAnimation,PointAnimation,245
PointAnimationUsingKeyFrames,PointAnimationUsingKeyFrames,246
PointerAnimationUsingKeyFrames,PointerAnimationUsingKeyFrames,247
PolyBezierSegment,PolyBezierSegment,248
PolyLineSegment,PolyLineSegment,249
PolyQuadraticBezierSegment,PolyQuadraticBezierSegment,250
PopupThemeTransition,PopupThemeTransition,251
PowerEase,PowerEase,252
PVLStaggerFunction,PVLStaggerFunction,253
QuadraticBezierSegment,QuadraticBezierSegment,254
QuadraticEase,QuadraticEase,255
QuarticEase,QuarticEase,256
QuinticEase,QuinticEase,257
RectangleGeometry,RectangleGeometry,258
RelativeSource,RelativeSource,259
RenderTargetBitmap,RenderTargetBitmap,260
ReorderThemeTransition,ReorderThemeTransition,261
RepositionThemeTransition,RepositionThemeTransition,262
Setter,Setter,263
SineEase,SineEase,264
SolidColorBrush,SolidColorBrush,265
SplineColorKeyFrame,SplineColorKeyFrame,266
SplineDoubleKeyFrame,SplineDoubleKeyFrame,267
SplinePointKeyFrame,SplinePointKeyFrame,268
StaticResource,StaticResource,269
SurfaceImageSource,SurfaceImageSource,270
SwapChainElement,SwapChainElement,271
TemplateBinding,TemplateBinding,272
ThemeResource,ThemeResource,273
TileBrush,TileBrush,274
Transform,Transform,275
VectorCollectionView,VectorCollectionView,276
VectorViewCollectionView,VectorViewCollectionView,277
ObservablePresentationFrameworkCollectionOfDependencyObject,ObservablePresentationFrameworkCollectionOfDependencyObject,278
ObservablePresentationFrameworkCollectionOfObject,ObservablePresentationFrameworkCollectionOfObject,279
ObservablePresentationFrameworkCollectionOfICommandBarElement,ObservablePresentationFrameworkCollectionOfICommandBarElement,280
AppBarAutomationPeer,AppBarAutomationPeer,281
AppBarLightDismissAutomationPeer,AppBarLightDismissAutomationPeer,282
AutomationPeerCollection,AutomationPeerCollection,283
AutoSuggestBoxAutomationPeer,AutoSuggestBoxAutomationPeer,284
BitmapImage,BitmapImage,285
Border,Border,286
ButtonBaseAutomationPeer,ButtonBaseAutomationPeer,287
CaptureElement_Deleted0,UnknownType,288
CaptureElementAutomationPeer_Deleted0,UnknownType,289
ColorKeyFrameCollection,ColorKeyFrameCollection,290
ColumnDefinitionCollection,ColumnDefinitionCollection,291
ComboBoxItemAutomationPeer,ComboBoxItemAutomationPeer,292
ComboBoxLightDismissAutomationPeer,ComboBoxLightDismissAutomationPeer,293
ComponentHost_Deleted0,UnknownType,294
CompositeTransform,CompositeTransform,295
ContentPresenter,ContentPresenter,296
Control,Control,297
DatePickerAutomationPeer,DatePickerAutomationPeer,298
DisplayMemberTemplate,DisplayMemberTemplate,299
DoubleCollection,DoubleCollection,300
DoubleKeyFrameCollection,DoubleKeyFrameCollection,301
DragItemThemeAnimation,DragItemThemeAnimation,302
DragOverThemeAnimation,DragOverThemeAnimation,303
DropTargetItemThemeAnimation,DropTargetItemThemeAnimation,304
FaceplateContentPresenterAutomationPeer,FaceplateContentPresenterAutomationPeer,305
FadeInThemeAnimation,FadeInThemeAnimation,306
FadeOutThemeAnimation,FadeOutThemeAnimation,307
FlipViewItemAutomationPeer,FlipViewItemAutomationPeer,308
FloatCollection,FloatCollection,309
FlyoutPresenterAutomationPeer,FlyoutPresenterAutomationPeer,310
GeometryCollection,GeometryCollection,311
Glyphs,Glyphs,312
GradientStopCollection,GradientStopCollection,313
GroupItemAutomationPeer,GroupItemAutomationPeer,314
HubAutomationPeer,HubAutomationPeer,315
HubSectionAutomationPeer,HubSectionAutomationPeer,316
HubSectionCollection,HubSectionCollection,317
HWCompMediaNode,HWCompMediaNode,318
HWCompRenderDataNode,HWCompRenderDataNode,319
HWCompSwapChainNode,HWCompSwapChainNode,320
HWCompTreeYCbCrNode_Deleted0,UnknownType,321
HWCompWebViewNode_Deleted0,UnknownType,322
HWCompYCbCrTextureNode_Deleted0,UnknownType,323
HWRedirectedCompTreeNode_Deleted0,UnknownType,324
IconElement,IconElement,325
Image,Image,326
ImageAutomationPeer,ImageAutomationPeer,327
ImageBrush,ImageBrush,328
InlineUIContainer,InlineUIContainer,329
InputScopeNameCollection,InputScopeNameCollection,330
ItemsControlAutomationPeer,ItemsControlAutomationPeer,331
ItemsPresenter,ItemsPresenter,332
IterableCollectionView,IterableCollectionView,333
LinearGradientBrush,LinearGradientBrush,334
LineBreak,LineBreak,335
ListBoxItemAutomationPeer,ListBoxItemAutomationPeer,336
ListViewBaseHeaderItemAutomationPeer,ListViewBaseHeaderItemAutomationPeer,337
ListViewBaseItemAutomationPeer,ListViewBaseItemAutomationPeer,338
ListViewBaseItemSecondaryChrome,ListViewBaseItemSecondaryChrome,339
MatrixTransform,MatrixTransform,340
MediaBase,MediaBase,341
MediaElement_Deleted0,UnknownType,342
MediaElementAutomationPeer_Deleted0,UnknownType,343
MediaTransportControlsAutomationPeer,MediaTransportControlsAutomationPeer,344
MenuFlyoutItemAutomationPeer,MenuFlyoutItemAutomationPeer,345
MenuFlyoutItemBaseCollection,MenuFlyoutItemBaseCollection,346
ObjectKeyFrameCollection,ObjectKeyFrameCollection,347
Panel,Panel,348
Paragraph,Paragraph,349
ParametricCurveCollection,ParametricCurveCollection,350
ParametricCurveSegmentCollection,ParametricCurveSegmentCollection,351
PasswordBoxAutomationPeer,PasswordBoxAutomationPeer,352
PathFigureCollection,PathFigureCollection,353
PathSegmentCollection,PathSegmentCollection,354
PointCollection,PointCollection,355
PointerCollection,PointerCollection,356
PointerDownThemeAnimation,PointerDownThemeAnimation,357
PointerKeyFrameCollection,PointerKeyFrameCollection,358
PointerUpThemeAnimation,PointerUpThemeAnimation,359
PointKeyFrameCollection,PointKeyFrameCollection,360
PopInThemeAnimation,PopInThemeAnimation,361
PopOutThemeAnimation,PopOutThemeAnimation,362
Popup,Popup,363
PopupAutomationPeer,PopupAutomationPeer,364
PopupRootAutomationPeer,PopupRootAutomationPeer,365
ProgressRingAutomationPeer_Deleted0,UnknownType,366
RadialGradientBrush_Deleted0,UnknownType,367
RangeBaseAutomationPeer,RangeBaseAutomationPeer,368
RepeatBehavior,RepeatBehavior,369
RepositionThemeAnimation,RepositionThemeAnimation,370
ResourceDictionary,ResourceDictionary,371
ResourceDictionaryCollection,ResourceDictionaryCollection,372
RichEditBoxAutomationPeer,RichEditBoxAutomationPeer,373
RichTextBlock,RichTextBlock,374
RichTextBlockAutomationPeer,RichTextBlockAutomationPeer,375
RichTextBlockOverflow,RichTextBlockOverflow,376
RichTextBlockOverflowAutomationPeer,RichTextBlockOverflowAutomationPeer,377
RotateTransform,RotateTransform,378
RowDefinitionCollection,RowDefinitionCollection,379
Run,Run,380
ScaleTransform,ScaleTransform,381
ScrollViewerAutomationPeer,ScrollViewerAutomationPeer,382
SearchBoxAutomationPeer_Deleted0,UnknownType,383
SelectorItemAutomationPeer,SelectorItemAutomationPeer,384
SemanticZoomAutomationPeer,SemanticZoomAutomationPeer,385
SetterBaseCollection,SetterBaseCollection,386
SettingsFlyoutAutomationPeer_Deleted0,UnknownType,387
Shape,Shape,388
SkewTransform,SkewTransform,389
Span,Span,390
SplitCloseThemeAnimation,SplitCloseThemeAnimation,391
SplitOpenThemeAnimation,SplitOpenThemeAnimation,392
Storyboard,Storyboard,393
SwipeBackThemeAnimation,SwipeBackThemeAnimation,394
SwipeHintThemeAnimation,SwipeHintThemeAnimation,395
TextBlock,TextBlock,396
TextBlockAutomationPeer,TextBlockAutomationPeer,397
TextBoxAutomationPeer,TextBoxAutomationPeer,398
TextBoxBaseAutomationPeer,TextBoxBaseAutomationPeer,399
TextBoxView,TextBoxView,400
TextElementCollection,TextElementCollection,401
ThemeAnimationBase,ThemeAnimationBase,402
ThumbAutomationPeer,ThumbAutomationPeer,403
TimelineCollection,TimelineCollection,404
TimelineMarkerCollection_Deleted0,UnknownType,405
TimePickerAutomationPeer,TimePickerAutomationPeer,406
ToggleMenuFlyoutItemAutomationPeer,ToggleMenuFlyoutItemAutomationPeer,407
ToggleSwitchAutomationPeer,ToggleSwitchAutomationPeer,408
ToolTipAutomationPeer,ToolTipAutomationPeer,409
TransformCollection,TransformCollection,410
TransformGroup,TransformGroup,411
TransitionCollection,TransitionCollection,412
TranslateTransform,TranslateTransform,413
TriggerActionCollection,TriggerActionCollection,414
TriggerCollection,TriggerCollection,415
UIElementCollection,UIElementCollection,416
Viewbox,Viewbox,417
VirtualSurfaceImageSource,VirtualSurfaceImageSource,418
VisualStateCollection,VisualStateCollection,419
VisualStateGroupCollection,VisualStateGroupCollection,420
VisualTransitionCollection,VisualTransitionCollection,421
WebViewAutomationPeer_Deleted0,UnknownType,422
WebViewBrush_Deleted0,UnknownType,423
WriteableBitmap,WriteableBitmap,424
TextElementCollectionOfInline,TextElementCollectionOfInline,425
TextElementCollectionOfBlock,TextElementCollectionOfBlock,426
AppBarSeparator,AppBarSeparator,427
BasedOnSetterCollection,BasedOnSetterCollection,428
BitmapIcon,BitmapIcon,429
Bold,Bold,430
ButtonAutomationPeer,ButtonAutomationPeer,431
Canvas,Canvas,432
ComboBoxItemDataAutomationPeer,ComboBoxItemDataAutomationPeer,433
CommandBarElementCollection,CommandBarElementCollection,434
ContentControl,ContentControl,435
DatePicker,DatePicker,436
DependencyObjectCollection,DependencyObjectCollection,437
Ellipse,Ellipse,438
FlipViewItemDataAutomationPeer,FlipViewItemDataAutomationPeer,439
FontIcon,FontIcon,440
FullWindowMediaRoot,FullWindowMediaRoot,441
Grid,Grid,442
GridViewHeaderItemAutomationPeer,GridViewHeaderItemAutomationPeer,443
GridViewItemAutomationPeer,GridViewItemAutomationPeer,444
Hub,Hub,445
HubSection,HubSection,446
Hyperlink,Hyperlink,447
HyperlinkButtonAutomationPeer,HyperlinkButtonAutomationPeer,448
Italic,Italic,449
ItemCollection,ItemCollection,450
ItemsControl,ItemsControl,451
Line,Line,452
ListBoxItemDataAutomationPeer,ListBoxItemDataAutomationPeer,453
ListViewBaseItemDataAutomationPeer,ListViewBaseItemDataAutomationPeer,454
ListViewBaseItemPresenter,ListViewBaseItemPresenter,455
ListViewHeaderItemAutomationPeer,ListViewHeaderItemAutomationPeer,456
ListViewItemAutomationPeer,ListViewItemAutomationPeer,457
MediaTransportControls,MediaTransportControls,458
MenuFlyoutItemBase,MenuFlyoutItemBase,459
MenuFlyoutPresenterAutomationPeer,MenuFlyoutPresenterAutomationPeer,460
ModernCollectionBasePanel,ModernCollectionBasePanel,461
PasswordBox,PasswordBox,462
Path,Path,463
PathIcon,PathIcon,464
Polygon,Polygon,465
Polyline,Polyline,466
ProgressBarAutomationPeer_Deleted0,UnknownType,467
ProgressRing_Deleted0,UnknownType,468
RangeBase,RangeBase,469
Rectangle,Rectangle,470
RenderTargetBitmapRoot,RenderTargetBitmapRoot,471
RepeatButtonAutomationPeer,RepeatButtonAutomationPeer,472
RichEditBox,RichEditBox,473
RootVisual,RootVisual,474
ScrollBarAutomationPeer,ScrollBarAutomationPeer,475
ScrollContentPresenter,ScrollContentPresenter,476
SearchBox_Deleted0,UnknownType,477
SelectorAutomationPeer,SelectorAutomationPeer,478
SemanticZoom,SemanticZoom,479
SliderAutomationPeer,SliderAutomationPeer,480
StackPanel,StackPanel,481
SymbolIcon,SymbolIcon,482
TextBox,TextBox,483
TextBoxBase,TextBoxBase,484
Thumb,Thumb,485
TickBar,TickBar,486
TimePicker,TimePicker,487
ToggleButtonAutomationPeer,ToggleButtonAutomationPeer,488
ToggleSwitch,ToggleSwitch,489
Underline,Underline,490
UserControl,UserControl,491
VariableSizedWrapGrid,VariableSizedWrapGrid,492
VirtualizingPanel,VirtualizingPanel,493
WebView_Deleted0,UnknownType,494
AppBar,AppBar,495
AppBarButtonAutomationPeer,AppBarButtonAutomationPeer,496
AppBarLightDismiss,AppBarLightDismiss,497
AppBarToggleButtonAutomationPeer,AppBarToggleButtonAutomationPeer,498
AutoSuggestBox,AutoSuggestBox,499
BlockCollection,BlockCollection,500
ButtonBase,ButtonBase,501
CarouselPanel,CarouselPanel,502
CheckBoxAutomationPeer,CheckBoxAutomationPeer,503
ComboBoxAutomationPeer,ComboBoxAutomationPeer,504
ComboBoxLightDismiss,ComboBoxLightDismiss,505
ContentDialog,ContentDialog,506
FlipViewAutomationPeer,FlipViewAutomationPeer,507
FlyoutPresenter,FlyoutPresenter,508
Frame,Frame,509
GridViewItemDataAutomationPeer,GridViewItemDataAutomationPeer,510
GridViewItemPresenter,GridViewItemPresenter,511
GroupItem,GroupItem,512
InlineCollection,InlineCollection,513
ItemsStackPanel,ItemsStackPanel,514
ItemsWrapGrid,ItemsWrapGrid,515
ListBoxAutomationPeer,ListBoxAutomationPeer,516
ListViewBaseAutomationPeer,ListViewBaseAutomationPeer,517
ListViewBaseHeaderItem,ListViewBaseHeaderItem,518
ListViewItemDataAutomationPeer,ListViewItemDataAutomationPeer,519
ListViewItemPresenter,ListViewItemPresenter,520
MenuFlyoutItem,MenuFlyoutItem,521
MenuFlyoutPresenter,MenuFlyoutPresenter,522
MenuFlyoutSeparator,MenuFlyoutSeparator,523
OrientedVirtualizingPanel,OrientedVirtualizingPanel,524
Page,Page,525
PopupRoot,PopupRoot,526
PrintRoot,PrintRoot,527
ProgressBar_Deleted0,UnknownType,528
RadioButtonAutomationPeer,RadioButtonAutomationPeer,529
ScrollBar,ScrollBar,530
ScrollContentControl,ScrollContentControl,531
SelectorItem,SelectorItem,532
SettingsFlyout_Deleted0,UnknownType,533
Slider,Slider,534
SwapChainBackgroundPanel,SwapChainBackgroundPanel,535
SwapChainPanel,SwapChainPanel,536
TextSelectionGripper,TextSelectionGripper,537
ToolTip,ToolTip,538
TransitionRoot,TransitionRoot,539
Button,Button,540
ComboBoxItem,ComboBoxItem,541
CommandBar,CommandBar,542
FlipViewItem,FlipViewItem,543
GridViewAutomationPeer,GridViewAutomationPeer,544
GridViewHeaderItem,GridViewHeaderItem,545
HyperlinkButton,HyperlinkButton,546
ListBoxItem,ListBoxItem,547
ListViewAutomationPeer,ListViewAutomationPeer,548
ListViewBaseItem,ListViewBaseItem,549
ListViewHeaderItem,ListViewHeaderItem,550
RepeatButton,RepeatButton,551
ScrollViewer,ScrollViewer,552
ToggleButton,ToggleButton,553
ToggleMenuFlyoutItem,ToggleMenuFlyoutItem,554
VirtualizingStackPanel,VirtualizingStackPanel,555
WrapGrid,WrapGrid,556
AppBarButton,AppBarButton,557
AppBarToggleButton,AppBarToggleButton,558
CheckBox,CheckBox,559
GridViewItem,GridViewItem,560
ListViewItem,ListViewItem,561
RadioButton,RadioButton,562
RootScrollViewer,RootScrollViewer,563
Binding,Binding,564
Selector,Selector,565
ComboBox,ComboBox,566
FlipView,FlipView,567
ListBox,ListBox,568
ListViewBase,ListViewBase,569
GridView,GridView,570
ListView,ListView,571
AccessibilityView,AccessibilityView,572
AlignmentX,AlignmentX,573
AlignmentY,AlignmentY,574
AnimationDirection,AnimationDirection,575
AnnotationType,AnnotationType,576
AppBarClosedDisplayMode,AppBarClosedDisplayMode,577
ApplicationTheme,ApplicationTheme,578
AudioCategory_Deleted0,UnknownType,579
AudioDeviceType_Deleted0,UnknownType,580
AutomationControlType,AutomationControlType,581
AutomationEvents,AutomationEvents,582
AutomationLiveSetting,AutomationLiveSetting,583
AutomationOrientation,AutomationOrientation,584
AutoSuggestionBoxTextChangeReason,AutoSuggestionBoxTextChangeReason,585
BindingMode,BindingMode,586
BitmapCreateOptions,BitmapCreateOptions,587
BrushMappingMode,BrushMappingMode,588
ClickMode,ClickMode,589
ClockState,ClockState,590
ClosedCaptionKind_Deleted0,UnknownType,591
CollectionChange,CollectionChange,592
ColorInterpolationMode,ColorInterpolationMode,593
ComponentResourceLocation,ComponentResourceLocation,594
ContentDialogResult,ContentDialogResult,595
DecodePixelType,DecodePixelType,596
DockPosition,DockPosition,597
EasingMode,EasingMode,598
EdgeTransitionLocation,EdgeTransitionLocation,599
ElementCompositeMode,ElementCompositeMode,600
ElementTheme,ElementTheme,601
ExpandCollapseState,ExpandCollapseState,602
FillBehavior,FillBehavior,603
FillRule,FillRule,604
FlowDirection,FlowDirection,605
FlyoutPlacementMode,FlyoutPlacementMode,606
FocusNavigationDirection,FocusNavigationDirection,607
FocusState,FocusState,608
FontCapitals,FontCapitals,609
FontEastAsianLanguage,FontEastAsianLanguage,610
FontEastAsianWidths,FontEastAsianWidths,611
FontFraction,FontFraction,612
FontNumeralAlignment,FontNumeralAlignment,613
FontNumeralStyle,FontNumeralStyle,614
FontStretch,FontStretch,615
FontStyle,FontStyle,616
FontVariants,FontVariants,617
GeneratorDirection,GeneratorDirection,618
GestureModes,GestureModes,619
GradientSpreadMethod,GradientSpreadMethod,620
GridUnitType,GridUnitType,621
GroupHeaderPlacement,GroupHeaderPlacement,622
HoldingState,HoldingState,623
HorizontalAlignment,HorizontalAlignment,624
IncrementalLoadingTrigger,IncrementalLoadingTrigger,625
InputScopeNameValue,InputScopeNameValue,626
ItemsUpdatingScrollMode,ItemsUpdatingScrollMode,627
KeyboardNavigationMode,KeyboardNavigationMode,628
LineStackingStrategy,LineStackingStrategy,629
ListViewReorderMode,ListViewReorderMode,630
ListViewSelectionMode,ListViewSelectionMode,631
LogicalDirection,LogicalDirection,632
ManipulationModes,ManipulationModes,633
MarkupExtensionType,MarkupExtensionType,634
MediaCanPlayResponse_Deleted0,UnknownType,635
MediaElementState_Deleted0,UnknownType,636
NavigationCacheMode,NavigationCacheMode,637
NavigationMode,NavigationMode,638
NotifyCollectionChangedAction,NotifyCollectionChangedAction,639
OpticalMarginAlignment,OpticalMarginAlignment,640
Orientation,Orientation,641
PanelScrollingDirection,PanelScrollingDirection,642
PatternInterface,PatternInterface,643
PenLineCap,PenLineCap,644
PenLineJoin,PenLineJoin,645
PlacementMode,PlacementMode,646
PointerDeviceType,PointerDeviceType,647
PointerDirection,PointerDirection,648
PreviewPageCountType,PreviewPageCountType,649
PrintDocumentFormat,PrintDocumentFormat,650
RelativeSourceMode,RelativeSourceMode,651
RowOrColumnMajor,RowOrColumnMajor,652
ScrollAmount,ScrollAmount,653
ScrollBarVisibility,ScrollBarVisibility,654
ScrollEventType,ScrollEventType,655
ScrollingIndicatorMode,ScrollingIndicatorMode,656
ScrollIntoViewAlignment,ScrollIntoViewAlignment,657
ScrollMode,ScrollMode,658
SelectionMode,SelectionMode,659
SliderSnapsTo,SliderSnapsTo,660
SnapPointsAlignment,SnapPointsAlignment,661
SnapPointsType,SnapPointsType,662
Stereo3DVideoPackingMode_Deleted0,UnknownType,663
Stereo3DVideoRenderMode_Deleted0,UnknownType,664
Stretch,Stretch,665
StretchDirection,StretchDirection,666
StyleSimulations,StyleSimulations,667
SupportedTextSelection,SupportedTextSelection,668
SweepDirection,SweepDirection,669
Symbol,Symbol,670
SynchronizedInputType,SynchronizedInputType,671
TextAlignment,TextAlignment,672
TextFormattingMode,TextFormattingMode,673
TextHintingMode,TextHintingMode,674
TextLineBounds,TextLineBounds,675
TextReadingOrder,TextReadingOrder,676
TextRenderingMode,TextRenderingMode,677
TextTrimming,TextTrimming,678
TextWrapping,TextWrapping,679
TickPlacement,TickPlacement,680
ToggleState,ToggleState,681
TypeKind,TypeKind,682
UpdateSourceTrigger,UpdateSourceTrigger,683
VerticalAlignment,VerticalAlignment,684
VirtualizationMode,VirtualizationMode,685
VirtualKey,VirtualKey,686
VirtualKeyModifiers,VirtualKeyModifiers,687
Visibility,Visibility,688
WindowInteractionState,WindowInteractionState,689
WindowVisualState,WindowVisualState,690
ZoomMode,ZoomMode,691
ZoomUnit,ZoomUnit,692
KeyAccelerator_Deleted0,UnknownType,693
PresentationFrameworkCollectionOfKeyAccelerator_Deleted0,UnknownType,694
ObservablePresentationFrameworkCollectionOfControlValidationError_Deleted0,UnknownType,695
KeyAcceleratorCollection_Deleted0,UnknownType,696
ControlValidationErrorCollection_Deleted0,UnknownType,697
ValidationIndicator_Deleted0,UnknownType,698
ControlValidationState_Deleted0,UnknownType,699
PresentationFrameworkCollectionOfStoryboard,PresentationFrameworkCollectionOfStoryboard,700
StoryboardCollection,StoryboardCollection,701
PluggableLayoutPanel_Deleted0,UnknownType,702
AutomationNavigationDirection,AutomationNavigationDirection,703
TileGrid_Deleted0,UnknownType,704
TileGridNestedPanel_Deleted0,UnknownType,705
CalendarViewTemplateSettings,CalendarViewTemplateSettings,706
CalendarView,CalendarView,707
CalendarViewBaseItem,CalendarViewBaseItem,708
CalendarViewDayItem,CalendarViewDayItem,709
CalendarViewItem,CalendarViewItem,710
CalendarViewDisplayMode,CalendarViewDisplayMode,711
CalendarViewSelectionMode,CalendarViewSelectionMode,712
DayOfWeek,DayOfWeek,713
TileGrid_Deleted1,UnknownType,714
TileGridNestedPanel_Deleted1,UnknownType,715
DataPackageOperation,DataPackageOperation,716
ContentDialogTemplateSettings_Deleted0,UnknownType,717
TimedTextScrollMode_Deleted0,UnknownType,718
TimedTextTrackKind_Deleted0,UnknownType,719
TimedTextUnit_Deleted0,UnknownType,720
TimedTextWritingMode_Deleted0,UnknownType,721
CalendarPanel_Deleted0,UnknownType,722
CalendarPanel,CalendarPanel,723
ImageCastingSource_Deleted0,UnknownType,724
MediaElementCastingSource_Deleted0,UnknownType,725
CastingSourceType_Deleted0,UnknownType,726
SplitViewTemplateSettings,SplitViewTemplateSettings,727
SplitView,SplitView,728
SplitViewDisplayMode,SplitViewDisplayMode,729
SplitViewPanePlacement,SplitViewPanePlacement,730
Transform3D,Transform3D,731
CompositeTransform3D,CompositeTransform3D,732
PerspectiveTransform3D,PerspectiveTransform3D,733
AutomationActiveEnd,AutomationActiveEnd,734
AutomationAnimationStyle,AutomationAnimationStyle,735
AutomationBulletStyle,AutomationBulletStyle,736
AutomationCaretBidiMode,AutomationCaretBidiMode,737
AutomationCaretPosition,AutomationCaretPosition,738
AutomationFlowDirections,AutomationFlowDirections,739
AutomationOutlineStyles,AutomationOutlineStyles,740
AutomationStyleId,AutomationStyleId,741
AutomationTextDecorationLineStyle,AutomationTextDecorationLineStyle,742
AutomationTextEditChangeType,AutomationTextEditChangeType,743
RelativePanel,RelativePanel,744
WindowsMediaCastingSource_Deleted0,UnknownType,745
DeferredElement,DeferredElement,746
HWCompInkCanvasNode_Deleted0,UnknownType,747
InkCanvas_Deleted0,UnknownType,748
MenuFlyoutSubItem,MenuFlyoutSubItem,749
AutomationStructureChangeType,AutomationStructureChangeType,750
PasswordRevealMode,PasswordRevealMode,751
CalendarPicker_Deleted0,UnknownType,752
FailedMediaStreamKind,FailedMediaStreamKind,753
StateTrigger_Deleted0,UnknownType,754
TargetPropertyPath,TargetPropertyPath,755
PresentationFrameworkCollectionOfStateTrigger_Deleted0,UnknownType,756
AdaptiveTrigger,AdaptiveTrigger,757
StateTriggerCollection,StateTriggerCollection,758
HWWindowedPopupCompTreeNode_Deleted0,UnknownType,759
ListViewItemPresenterCheckMode,ListViewItemPresenterCheckMode,760
SoftwareBitmapSource,SoftwareBitmapSource,761
WebViewThreadingOption_Deleted0,UnknownType,762
MediaPlaybackItem_Deleted0,UnknownType,763
StateTriggerBase,StateTriggerBase,764
PresentationFrameworkCollectionOfStateTriggerBase,PresentationFrameworkCollectionOfStateTriggerBase,765
MenuPopupThemeTransition,MenuPopupThemeTransition,766
StateTrigger,StateTrigger,767
WebViewExecutionMode_Deleted0,UnknownType,768
WebViewSettings_Deleted0,UnknownType,769
WebViewPermissionState_Deleted0,UnknownType,770
WebViewPermissionType_Deleted0,UnknownType,771
PickerFlyoutThemeTransition,PickerFlyoutThemeTransition,772
CandidateWindowAlignment,CandidateWindowAlignment,773
CalendarDatePicker,CalendarDatePicker,774
ContentDialogOpenCloseThemeTransition,ContentDialogOpenCloseThemeTransition,775
ElementCompositionPreview,ElementCompositionPreview,776
MediaTransportControlsHelper,MediaTransportControlsHelper,777
AutoSuggestBoxQuerySubmittedEventArgs,AutoSuggestBoxQuerySubmittedEventArgs,778
AppBarTemplateSettings,AppBarTemplateSettings,779
CommandBarTemplateSettings,CommandBarTemplateSettings,780
CommandBarOverflowPresenter,CommandBarOverflowPresenter,781
DrillInThemeAnimation,DrillInThemeAnimation,782
DrillOutThemeAnimation,DrillOutThemeAnimation,783
CalendarViewAutomationPeer,CalendarViewAutomationPeer,784
CalendarViewBaseItemAutomationPeer,CalendarViewBaseItemAutomationPeer,785
CalendarViewDayItemAutomationPeer,CalendarViewDayItemAutomationPeer,786
CalendarViewItemAutomationPeer,CalendarViewItemAutomationPeer,787
XamlBindingHelper,XamlBindingHelper,788
AutomationAnnotation,AutomationAnnotation,789
AutomationPeerAnnotation,AutomationPeerAnnotation,790
PresentationFrameworkCollectionOfAutomationPeerAnnotation,PresentationFrameworkCollectionOfAutomationPeerAnnotation,791
PresentationFrameworkCollectionOfAutomationAnnotation,PresentationFrameworkCollectionOfAutomationAnnotation,792
AutomationAnnotationCollection,AutomationAnnotationCollection,793
AutomationPeerAnnotationCollection,AutomationPeerAnnotationCollection,794
MenuFlyoutSubItemAutomationPeer,MenuFlyoutSubItemAutomationPeer,795
SplitViewPaneAutomationPeer,SplitViewPaneAutomationPeer,796
UnderlineStyle,UnderlineStyle,797
SplitViewLightDismissAutomationPeer,SplitViewLightDismissAutomationPeer,798
RichEditClipboardFormat,RichEditClipboardFormat,799
MenuFlyoutTemplateSettings_Deleted0,UnknownType,800
MenuFlyoutPresenterTemplateSettings,MenuFlyoutPresenterTemplateSettings,801
CompositionPropertySet_Deleted0,UnknownType,802
LandmarkTargetAutomationPeer,LandmarkTargetAutomationPeer,803
AutomationLandmarkType,AutomationLandmarkType,804
CalendarScrollViewerAutomationPeer,CalendarScrollViewerAutomationPeer,805
CalendarDatePickerAutomationPeer,CalendarDatePickerAutomationPeer,806
DefaultLabelPosition_Deleted0,UnknownType,807
LabelPosition_Deleted0,UnknownType,808
AppBarButtonLabelPosition_Deleted0,UnknownType,809
CommandBarLabelPosition,CommandBarLabelPosition,810
OverflowButtonVisibility_Deleted0,UnknownType,811
CommandBarDefaultLabelPosition,CommandBarDefaultLabelPosition,812
RequiresPointerMode_Deleted0,UnknownType,813
CommandBarOverflowButtonVisibility,CommandBarOverflowButtonVisibility,814
HWRedirectedCompTreeNodeDComp_Deleted0,UnknownType,815
HWRedirectedCompTreeNodeWinRT,HWRedirectedCompTreeNodeWinRT,816
HWWindowedPopupCompTreeNodeDComp_Deleted0,UnknownType,817
HWWindowedPopupCompTreeNodeWinRT,HWWindowedPopupCompTreeNodeWinRT,818
CommandBarDynamicOverflowAction,CommandBarDynamicOverflowAction,819
ConnectedAnimation,ConnectedAnimation,820
ConnectedAnimationService,ConnectedAnimationService,821
LightDismissOverlayMode,LightDismissOverlayMode,822
FocusVisualKind,FocusVisualKind,823
RequiresPointer,RequiresPointer,824
ConnectedAnimationRoot,ConnectedAnimationRoot,825
MediaPlayer,MediaPlayer,826
MediaPlayerElementAutomationPeer,MediaPlayerElementAutomationPeer,827
MediaPlayerPresenter,MediaPlayerPresenter,828
MediaPlayerElement,MediaPlayerElement,829
FastPlayFallbackBehaviour,FastPlayFallbackBehaviour,830
ElementSoundKind,ElementSoundKind,831
ElementSoundMode,ElementSoundMode,832
ElementSoundPlayerState,ElementSoundPlayerState,833
FullWindowMediaRootAutomationPeer,FullWindowMediaRootAutomationPeer,834
ApplicationRequiresPointerMode,ApplicationRequiresPointerMode,835
MediaPlaybackItemConverter,MediaPlaybackItemConverter,836
PresentationFrameworkCollectionOfBrush,PresentationFrameworkCollectionOfBrush,837
BrushCollection,BrushCollection,838
CalendarViewHeaderAutomationPeer,CalendarViewHeaderAutomationPeer,839
TextDecorations,TextDecorations,840
KeyTipPlacementMode,KeyTipPlacementMode,841
XYFocusKeyboardNavigationMode,XYFocusKeyboardNavigationMode,842
XYFocusNavigationStrategyMode_Deleted0,UnknownType,843
XYFocusNavigationStrategyMode_Deleted1,UnknownType,844
AutomationComponentProperties_Deleted0,UnknownType,845
ComponentPropertyValue_Deleted0,UnknownType,846
XamlMarkupHelper,XamlMarkupHelper,847
CompositionEffectBrush_Deleted0,UnknownType,848
EffectBrush_Deleted0,UnknownType,849
ContentDialogButton,ContentDialogButton,850
CompositionLight_Deleted0,UnknownType,851
Light_Deleted0,UnknownType,852
PresentationFrameworkCollectionOfLight_Deleted0,UnknownType,853
LightCollection_Deleted0,UnknownType,854
XamlLight,XamlLight,855
PresentationFrameworkCollectionOfXamlLight,PresentationFrameworkCollectionOfXamlLight,856
XamlLightCollection,XamlLightCollection,857
XamlCompositionBrush_Deleted0,UnknownType,858
ConnectedAnimationComponent,ConnectedAnimationComponent,859
SvgImageSource,SvgImageSource,860
SvgImageSourceLoadStatus,SvgImageSourceLoadStatus,861
LoadedImageSurface,LoadedImageSurface,862
LoadedImageSourceLoadStatus,LoadedImageSourceLoadStatus,863
FocusInputDeviceKind,FocusInputDeviceKind,864
ComboBoxSelectionChangedTrigger,ComboBoxSelectionChangedTrigger,865
CompositionBrush_Deleted0,UnknownType,866
XamlCompositionBrushBase,XamlCompositionBrushBase,867
XYFocusNavigationStrategy,XYFocusNavigationStrategy,868
XYFocusNavigationStrategyOverride,XYFocusNavigationStrategyOverride,869
XamlIslandRoot,XamlIslandRoot,870
XamlIslandRootCollection,XamlIslandRootCollection,871
NamedContainerAutomationPeer,NamedContainerAutomationPeer,872
IsApiContractNotPresent,IsApiContractNotPresent,873
IsApiContractPresent,IsApiContractPresent,874
IsPropertyNotPresent,IsPropertyNotPresent,875
IsPropertyPresent,IsPropertyPresent,876
IsTypeNotPresent,IsTypeNotPresent,877
IsTypePresent,IsTypePresent,878
ApplicationHighContrastAdjustment,ApplicationHighContrastAdjustment,879
ElementHighContrastAdjustment,ElementHighContrastAdjustment,880
WebViewElement_Deleted0,UnknownType,881
MarkupExtension,MarkupExtension,882
NotificationKind_Deleted0,UnknownType,883
NotificationProcessing_Deleted0,UnknownType,884
AutomationNotificationKind,AutomationNotificationKind,885
AutomationNotificationProcessing,AutomationNotificationProcessing,886
CharacterCasing,CharacterCasing,887
DisabledFormattingAccelerators,DisabledFormattingAccelerators,888
TextHighlighterBase,TextHighlighterBase,889
TextRange,TextRange,890
PresentationFrameworkCollectionOfTextRange,PresentationFrameworkCollectionOfTextRange,891
PresentationFrameworkCollectionOfTextHighlighter,PresentationFrameworkCollectionOfTextHighlighter,892
TextHighlighter,TextHighlighter,893
TextHighlighterCollection,TextHighlighterCollection,894
TextRangeCollection,TextRangeCollection,895
ContentDialogPlacement,ContentDialogPlacement,896
KeyboardAccelerator,KeyboardAccelerator,897
PresentationFrameworkCollectionOfKeyboardAccelerator,PresentationFrameworkCollectionOfKeyboardAccelerator,898
KeyboardAcceleratorCollection,KeyboardAcceleratorCollection,899
XamlRenderingBackgroundTask,XamlRenderingBackgroundTask,900
AppBarButtonTemplateSettings,AppBarButtonTemplateSettings,901
AppBarToggleButtonTemplateSettings,AppBarToggleButtonTemplateSettings,902
MenuFlyoutItemTemplateSettings,MenuFlyoutItemTemplateSettings,903
KeyboardAcceleratorPlacementMode,KeyboardAcceleratorPlacementMode,904
InkingBox_Deleted0,UnknownType,905
ElementSpatialAudioMode,ElementSpatialAudioMode,906
InkingBoxView_Deleted0,UnknownType,907
FrameworkElementEx,FrameworkElementEx,908
PanelEx,PanelEx,909
Matrix4x4,Matrix4x4,910
Vector3,Vector3,911
InteractionBase,InteractionBase,912
AutomationHeadingLevel,AutomationHeadingLevel,913
ContentLinkProvider_Deleted0,UnknownType,914
PresentationFrameworkCollectionOfContentLinkProvider_Deleted0,UnknownType,915
ContactContentLinkProvider_Deleted0,UnknownType,916
PlaceContentLinkProvider_Deleted0,UnknownType,917
ContentLinkProviderCollection_Deleted0,UnknownType,918
ContentLinkChangeKind_Deleted0,UnknownType,919
HandwritingView_Deleted0,UnknownType,920
HandwritingControlView_Deleted0,UnknownType,921
HandwritingPanelPlacementMode_Deleted0,UnknownType,922
HandwritingPanelPlacementAlignment_Deleted0,UnknownType,923
ContentLinkAutomationPeer_Deleted0,UnknownType,924
ContentLink_Deleted0,UnknownType,925
CoreCursorType,CoreCursorType,926
CommandBase_Deleted0,UnknownType,927
IconSource,IconSource,928
BitmapIconSource,BitmapIconSource,929
FontIconSource,FontIconSource,930
PathIconSource,PathIconSource,931
RelayCommand_Deleted0,UnknownType,932
SymbolIconSource,SymbolIconSource,933
Commands_Deleted0,UnknownType,934
Matrix3x2,Matrix3x2,935
Vector2,Vector2,936
Shadow,Shadow,937
SmartShadow_Deleted0,UnknownType,938
IconSourceElement,IconSourceElement,939
CommandingContainer,CommandingContainer,940
NullKeyedResource,NullKeyedResource,941
FlyoutShowOptions_Deleted0,UnknownType,942
FlyoutShowMode,FlyoutShowMode,943
ValidationErrorsCollection,ValidationErrorsCollection,944
AppBarElementContainer,AppBarElementContainer,945
InputValidation_Deleted0,UnknownType,946
ObservablePresentationFrameworkCollectionOfInputValidationError,ObservablePresentationFrameworkCollectionOfInputValidationError,947
InputValidationErrorEventAction,InputValidationErrorEventAction,948
BrushTransition_Deleted0,UnknownType,949
InputValidationKind,InputValidationKind,950
InputValidationMode,InputValidationMode,951
ColorPaletteResources,ColorPaletteResources,952
BackgroundSizing,BackgroundSizing,953
ImplicitMotion_Deleted0,UnknownType,954
BrushTransition,BrushTransition,955
FlyoutOpenInputMode_Deleted0,UnknownType,956
FlyoutOpenInputDevice_Deleted0,UnknownType,957
Vector3Transition,Vector3Transition,958
ScalarTransition,ScalarTransition,959
UICommand_Deleted0,UnknownType,960
StandardUICommand,StandardUICommand,961
StandardUICommandKind,StandardUICommandKind,962
UIElementWeakCollection,UIElementWeakCollection,963
ThemeShadow,ThemeShadow,964
Vector3TransitionComponents,Vector3TransitionComponents,965
ControlHeaderPlacement,ControlHeaderPlacement,966
InputValidationContext,InputValidationContext,967
InputValidationCommand,InputValidationCommand,968
XamlUICommand,XamlUICommand,969
Quaternion,Quaternion,970
CaretBrowsingCaret,CaretBrowsingCaret,971
ParserServiceProvider,ParserServiceProvider,972
HandwritingViewTrayDisplayMode_Deleted0,UnknownType,973
Colors,Colors,974
CoreCursor_Deleted0,UnknownType,975
WindowChrome,WindowChrome,976
InputCursor,InputCursor,977
ListViewItemPresenterSelectionIndicatorMode,ListViewItemPresenterSelectionIndicatorMode,978
PopupPlacementMode,PopupPlacementMode,979
SystemBackdrop,SystemBackdrop,980
SeekSliderAutomationPeer,SeekSliderAutomationPeer,981
